Workbook
Name __bookmark_1: #REF!
Name __bookmark_2: #REF!

Sheet TH NV
A1: 1 | B1: 2 | C1: 3 | D1: 4 | E1: 5 | F1: 6 | G1: 7 | H1: 8 | I1: 9 | J1: 10 | K1: 11 | L1: 12 | M1: 13 | N1: 14 | O1: 15 | P1: 16 | Q1: 17 | R1: 18 | S1: 19 | T1: 20 | U1: 21 | V1: 22 | W1: 23 | X1: 24 | Y1: 25 | Z1: 26 | AA1: 27 | AB1: 28 | AC1: 29 | AD1: 30 | AE1: 31 | AF1: 32 | AG1: 33 | AH1: 34 | AI1: 35 | AJ1: 36 | AK1: 37 | AL1: 38 | AM1: 39 | AN1: 40 | AO1: 41 | AP1: 42 | AQ1: 43 | AR1: 44 | AS1: 45 | AT1: 46 | AU1: 47 | AV1: 48 | AW1: 49 | AX1: 50 | AY1: 51 | AZ1: 52 | BA1: 53 | BB1: 54 | BC1: 55 | BD1: 56 | BE1: 57 | BF1: 58 | BG1: 59
A2: Nhân Viên | D2: Dịch vụ cố định | T2: Dịch vụ di động | AJ2: CHỈ TIÊU CƯỚC - CSKH | AV2: CHƯƠNG TRÌNH TRỌNG ĐIỂM
B3: Nhân viên | D3: TB FTTH phát triển mới | H3: Supernet PTM | L3: Camera Đấu nối và bán đứt mua icloud | P3: THS Đôi dây PTM | T3: Thuê Bao trả sau | X3: Thuê bao thực 4G | AB3: Thuê bao 5G | AF3: Thuê bao standard | AJ3: Rời mạng THS | AN3: Rời mạng FTTH | AR3: Cước N1- N3 | AV3: Khôi phục THS | AZ3: Thuê Bao mybox | BD3: MYKID
D4: KH | E4: TH | F4: % | G4: Thiếu | H4: KH | I4: TH | J4: % | K4: Thiếu | L4: KH | M4: TH | N4: % | O4: Thiếu | P4: KH | Q4: TH | R4: % | S4: Thiếu | T4: KH | U4: TH | V4: % | W4: Thiếu | X4: KH | Y4: TH | Z4: % | AA4: Thiếu | AB4: KH | AC4: TH | AD4: % | AE4: Thiếu | AF4: KH | AG4: TH | AH4: % | AI4: Thiếu | AJ4: KH | AK4: TH | AL4: % | AM4: còn được | AN4: KH | AO4: TH | AP4: % | AQ4: còn được | AR4: KH | AS4: TH | AT4: ĐẠT | AU4: thiếu | AV4: KH | AW4: TH | AX4: % | AY4: Thiếu | AZ4: KH | BA4: TH | BB4: % | BC4: Thiếu | BD4: KH | BE4: TH | BF4: % | BG4: Thiếu
A5: Lê Trọng An | B5: ANLT_LDG_CNKD | C5: CNKD_LDG_ANLT | D5: =VLOOKUP(C5,'Giao CT'!$D$6:$S$20,3,0) -> 8 | E5: =VLOOKUP(C5,GBOC!$E$7:$DG$29,$B$20,0) -> 8 | F5: =IFERROR(E5/D5,0) -> 1 | G5: =D5-E5 -> 0 | H5: =VLOOKUP(C5,'Giao CT'!$D$6:$S$20,4,0) -> 4 | I5: =VLOOKUP(C5,GBOC!$E$7:$DG$29,$B$21,0) -> 6 | J5: =IFERROR(I5/H5,0) -> 1.5 | K5: =H5-I5 -> -2 | L5: =VLOOKUP(C5,'Giao CT'!$D$6:$S$20,5,0) -> 5 | M5: =VLOOKUP(C5,GBOC!$E$7:$DG$29,$B$22,0) -> 5 | N5: =IFERROR(M5/L5,0) -> 1 | O5: =L5-M5 -> 0 | P5: =VLOOKUP(C5,'Giao CT'!$D$6:$S$20,6,0) -> 5 | Q5: =VLOOKUP(C5,GBOC!$E$7:$DG$29,$B$23,0) -> 6 | R5: =IFERROR(Q5/P5,0) -> 1.2 | S5: =P5-Q5 -> -1 | T5: =VLOOKUP(C5,'Giao CT'!$D$6:$S$20,7,0) -> 4 | U5: =VLOOKUP(C5,GBOC!$E$7:$DG$29,$B$24,0) -> 4 | V5: =IFERROR(U5/T5,0) -> 1 | W5: =T5-U5 -> 0 | X5: =VLOOKUP(C5,'Giao CT'!$D$6:$S$20,8,0) -> 1 | Y5: =VLOOKUP(C5,GBOC!$E$7:$DG$29,$B$25,0) -> 1 | Z5: =IFERROR(Y5/X5,0) -> 1 | AA5: =X5-Y5 -> 0 | AB5: =VLOOKUP(C5,'Giao CT'!$D$6:$S$20,9,0) -> 30 | AC5: =VLOOKUP(C5,GBOC!$E$7:$DG$29,$B$26,0) -> 33 | AD5: =IFERROR(AC5/AB5,0) -> 1.1 | AE5: =AB5-AC5 -> -3 | AF5: =VLOOKUP(C5,'Giao CT'!$D$6:$S$20,10,0) -> 9 | AG5: =VLOOKUP(C5,GBOC!$E$7:$DG$29,$B$27,0) -> 12 | AH5: =IFERROR(AG5/AF5,0) -> 1.3333333 | AI5: =AF5-AG5 -> -3 | AJ5: =VLOOKUP(C5,'Giao CT'!$D$6:$S$20,11,0) -> 4 | AK5: 2 | AL5: =200%-IFERROR(AK5/AJ5,0) -> 1.5 | AM5: =MAX(AL5,0) -> 1.5 | AN5: =VLOOKUP(C5,'Giao CT'!$D$6:$S$20,12,0) -> 5 | AO5: =VLOOKUP(C5,GBOC!$E$7:$DG$29,$B$29,0) -> 3 | AP5: =200%-IFERROR(AO5/AN5,0) -> 1.4 | AQ5: =MAX(AP5,0) -> 1.4 | AR5: 0.97 | AS5: =(VLOOKUP(B5,cuoc!$B$7:$P$27,14,0))*1% -> 0.9641 | AT5: =IF(AS5<94.5%,0,IF(AS5<95.54%,50%,IF(AS5<AR5,80%,100%+(30%*(AS5-AR5)/3.39%)))) -> 0.8 | AU5: =AR5-AS5 -> 0.0059 | AV5: =VLOOKUP(C5,'Giao CT'!$D$6:$S$20,14,0) -> 2 | AW5: =VLOOKUP(C5,GBOC!$E$7:$DG$29,$B$31,0) -> 0 | AX5: =AW5/AV5 -> 0 | AY5: =AV5-AW5 -> 2 | AZ5: =VLOOKUP(C5,'Giao CT'!$D$6:$S$20,15,0) -> 1 | BA5: =VLOOKUP(C5,GBOC!$E$7:$DG$29,$B$32,0) -> 1 | BB5: =IFERROR(BA5/AZ5,1) -> 1 | BC5: =AZ5-BA5 -> 0 | BD5: =VLOOKUP(C5,'Giao CT'!$D$6:$S$20,16,0) -> 0 | BE5: =VLOOKUP(C5,GBOC!$E$7:$DG$29,$B$33,0) -> 0 | BF5: =IFERROR(BE5/BD5,1) -> 1 | BG5: =BD5-BE5 -> 0
A6: Bùi Thu Hằng | B6: HANGBT_LDG_CNKD | C6: CNKD_LDG_HANGBT | D6: =VLOOKUP(C6,'Giao CT'!$D$6:$S$20,3,0) -> 7 | E6: =VLOOKUP(C6,GBOC!$E$7:$DG$29,$B$20,0) -> 13 | F6: =IFERROR(E6/D6,0) -> 1.8571429 | G6: =D6-E6 -> -6 | H6: =VLOOKUP(C6,'Giao CT'!$D$6:$S$20,4,0) -> 4 | I6: =VLOOKUP(C6,GBOC!$E$7:$DG$29,$B$21,0) -> 5 | J6: =IFERROR(I6/H6,0) -> 1.25 | K6: =H6-I6 -> -1 | L6: =VLOOKUP(C6,'Giao CT'!$D$6:$S$20,5,0) -> 5 | M6: =VLOOKUP(C6,GBOC!$E$7:$DG$29,$B$22,0) -> 5 | N6: =IFERROR(M6/L6,0) -> 1 | O6: =L6-M6 -> 0 | P6: =VLOOKUP(C6,'Giao CT'!$D$6:$S$20,6,0) -> 4 | Q6: =VLOOKUP(C6,GBOC!$E$7:$DG$29,$B$23,0) -> 7 | R6: =IFERROR(Q6/P6,0) -> 1.75 | S6: =P6-Q6 -> -3 | T6: =VLOOKUP(C6,'Giao CT'!$D$6:$S$20,7,0) -> 4 | U6: =VLOOKUP(C6,GBOC!$E$7:$DG$29,$B$24,0) -> 4 | V6: =IFERROR(U6/T6,0) -> 1 | W6: =T6-U6 -> 0 | X6: =VLOOKUP(C6,'Giao CT'!$D$6:$S$20,8,0) -> 1 | Y6: =VLOOKUP(C6,GBOC!$E$7:$DG$29,$B$25,0) -> 6 | Z6: =IFERROR(Y6/X6,0) -> 6 | AA6: =X6-Y6 -> -5 | AB6: =VLOOKUP(C6,'Giao CT'!$D$6:$S$20,9,0) -> 30 | AC6: =VLOOKUP(C6,GBOC!$E$7:$DG$29,$B$26,0) -> 71 | AD6: =IFERROR(AC6/AB6,0) -> 2.3666667 | AE6: =AB6-AC6 -> -41 | AF6: =VLOOKUP(C6,'Giao CT'!$D$6:$S$20,10,0) -> 8 | AG6: =VLOOKUP(C6,GBOC!$E$7:$DG$29,$B$27,0) -> 10 | AH6: =IFERROR(AG6/AF6,0) -> 1.25 | AI6: =AF6-AG6 -> -2 | AJ6: =VLOOKUP(C6,'Giao CT'!$D$6:$S$20,11,0) -> 4 | AK6: 9 | AL6: =200%-IFERROR(AK6/AJ6,0) -> -0.25 | AM6: =MAX(AL6,0) -> 0 | AN6: =VLOOKUP(C6,'Giao CT'!$D$6:$S$20,12,0) -> 5 | AO6: =VLOOKUP(C6,GBOC!$E$7:$DG$29,$B$29,0) -> 5 | AP6: =200%-IFERROR(AO6/AN6,0) -> 1 | AQ6: =MAX(AP6,0) -> 1 | AR6: 0.97 | AS6: =(VLOOKUP(B6,cuoc!$B$7:$P$27,14,0))*1% -> 0.9605 | AT6: =IF(AS6<94.5%,0,IF(AS6<95.54%,50%,IF(AS6<AR6,80%,100%+(30%*(AS6-AR6)/3.39%)))) -> 0.8 | AU6: =AR6-AS6 -> 0.0095 | AV6: =VLOOKUP(C6,'Giao CT'!$D$6:$S$20,14,0) -> 3 | AW6: =VLOOKUP(C6,GBOC!$E$7:$DG$29,$B$31,0) -> 0 | AX6: =AW6/AV6 -> 0 | AY6: =AV6-AW6 -> 3 | AZ6: =VLOOKUP(C6,'Giao CT'!$D$6:$S$20,15,0) -> 1 | BA6: =VLOOKUP(C6,GBOC!$E$7:$DG$29,$B$32,0) -> 1 | BB6: =IFERROR(BA6/AZ6,1) -> 1 | BC6: =AZ6-BA6 -> 0 | BD6: =VLOOKUP(C6,'Giao CT'!$D$6:$S$20,16,0) -> 1 | BE6: =VLOOKUP(C6,GBOC!$E$7:$DG$29,$B$33,0) -> 0 | BF6: =IFERROR(BE6/BD6,1) -> 0 | BG6: =BD6-BE6 -> 1
A7: Bằng Trung Hiếu | B7: HIEUBT_LDG_CNKD | C7: CNKD_LDG_HIEUBT | D7: =VLOOKUP(C7,'Giao CT'!$D$6:$S$20,3,0) -> 7 | E7: =VLOOKUP(C7,GBOC!$E$7:$DG$29,$B$20,0) -> 12 | F7: =IFERROR(E7/D7,0) -> 1.7142857 | G7: =D7-E7 -> -5 | H7: =VLOOKUP(C7,'Giao CT'!$D$6:$S$20,4,0) -> 4 | I7: =VLOOKUP(C7,GBOC!$E$7:$DG$29,$B$21,0) -> 4 | J7: =IFERROR(I7/H7,0) -> 1 | K7: =H7-I7 -> 0 | L7: =VLOOKUP(C7,'Giao CT'!$D$6:$S$20,5,0) -> 5 | M7: =VLOOKUP(C7,GBOC!$E$7:$DG$29,$B$22,0) -> 5 | N7: =IFERROR(M7/L7,0) -> 1 | O7: =L7-M7 -> 0 | P7: =VLOOKUP(C7,'Giao CT'!$D$6:$S$20,6,0) -> 4 | Q7: =VLOOKUP(C7,GBOC!$E$7:$DG$29,$B$23,0) -> 4 | R7: =IFERROR(Q7/P7,0) -> 1 | S7: =P7-Q7 -> 0 | T7: =VLOOKUP(C7,'Giao CT'!$D$6:$S$20,7,0) -> 3 | U7: =VLOOKUP(C7,GBOC!$E$7:$DG$29,$B$24,0) -> 5 | V7: =IFERROR(U7/T7,0) -> 1.6666667 | W7: =T7-U7 -> -2 | X7: =VLOOKUP(C7,'Giao CT'!$D$6:$S$20,8,0) -> 1 | Y7: =VLOOKUP(C7,GBOC!$E$7:$DG$29,$B$25,0) -> 3 | Z7: =IFERROR(Y7/X7,0) -> 3 | AA7: =X7-Y7 -> -2 | AB7: =VLOOKUP(C7,'Giao CT'!$D$6:$S$20,9,0) -> 30 | AC7: =VLOOKUP(C7,GBOC!$E$7:$DG$29,$B$26,0) -> 30 | AD7: =IFERROR(AC7/AB7,0) -> 1 | AE7: =AB7-AC7 -> 0 | AF7: =VLOOKUP(C7,'Giao CT'!$D$6:$S$20,10,0) -> 8 | AG7: =VLOOKUP(C7,GBOC!$E$7:$DG$29,$B$27,0) -> 12 | AH7: =IFERROR(AG7/AF7,0) -> 1.5 | AI7: =AF7-AG7 -> -4 | AJ7: =VLOOKUP(C7,'Giao CT'!$D$6:$S$20,11,0) -> 4 | AK7: 0 | AL7: =200%-IFERROR(AK7/AJ7,0) -> 2 | AM7: =MAX(AL7,0) -> 2 | AN7: =VLOOKUP(C7,'Giao CT'!$D$6:$S$20,12,0) -> 5 | AO7: =VLOOKUP(C7,GBOC!$E$7:$DG$29,$B$29,0) -> 3 | AP7: =200%-IFERROR(AO7/AN7,0) -> 1.4 | AQ7: =MAX(AP7,0) -> 1.4 | AR7: 0.97 | AS7: =(VLOOKUP(B7,cuoc!$B$7:$P$27,14,0))*1% -> 0.9673 | AT7: =IF(AS7<94.5%,0,IF(AS7<95.54%,50%,IF(AS7<AR7,80%,100%+(30%*(AS7-AR7)/3.39%)))) -> 0.8 | AU7: =AR7-AS7 -> 0.0027 | AV7: =VLOOKUP(C7,'Giao CT'!$D$6:$S$20,14,0) -> 3 | AW7: =VLOOKUP(C7,GBOC!$E$7:$DG$29,$B$31,0) -> 1 | AX7: =AW7/AV7 -> 0.33333333 | AY7: =AV7-AW7 -> 2 | AZ7: =VLOOKUP(C7,'Giao CT'!$D$6:$S$20,15,0) -> 1 | BA7: =VLOOKUP(C7,GBOC!$E$7:$DG$29,$B$32,0) -> 1 | BB7: =IFERROR(BA7/AZ7,1) -> 1 | BC7: =AZ7-BA7 -> 0 | BD7: =VLOOKUP(C7,'Giao CT'!$D$6:$S$20,16,0) -> 0 | BE7: =VLOOKUP(C7,GBOC!$E$7:$DG$29,$B$33,0) -> 0 | BF7: =IFERROR(BE7/BD7,1) -> 1 | BG7: =BD7-BE7 -> 0
A8: Trần Văn Hùng | B8: HUNGTV1_LDG_CNKD | C8: CNKD_LDG_HUNGTV1 | D8: =VLOOKUP(C8,'Giao CT'!$D$6:$S$20,3,0) -> 7 | E8: =VLOOKUP(C8,GBOC!$E$7:$DG$29,$B$20,0) -> 5 | F8: =IFERROR(E8/D8,0) -> 0.71428571 | G8: =D8-E8 -> 2 | H8: =VLOOKUP(C8,'Giao CT'!$D$6:$S$20,4,0) -> 3 | I8: =VLOOKUP(C8,GBOC!$E$7:$DG$29,$B$21,0) -> 4 | J8: =IFERROR(I8/H8,0) -> 1.3333333 | K8: =H8-I8 -> -1 | L8: =VLOOKUP(C8,'Giao CT'!$D$6:$S$20,5,0) -> 4 | M8: =VLOOKUP(C8,GBOC!$E$7:$DG$29,$B$22,0) -> 2 | N8: =IFERROR(M8/L8,0) -> 0.5 | O8: =L8-M8 -> 2 | P8: =VLOOKUP(C8,'Giao CT'!$D$6:$S$20,6,0) -> 4 | Q8: =VLOOKUP(C8,GBOC!$E$7:$DG$29,$B$23,0) -> 3 | R8: =IFERROR(Q8/P8,0) -> 0.75 | S8: =P8-Q8 -> 1 | T8: =VLOOKUP(C8,'Giao CT'!$D$6:$S$20,7,0) -> 3 | U8: =VLOOKUP(C8,GBOC!$E$7:$DG$29,$B$24,0) -> 0 | V8: =IFERROR(U8/T8,0) -> 0 | W8: =T8-U8 -> 3 | X8: =VLOOKUP(C8,'Giao CT'!$D$6:$S$20,8,0) -> 1 | Y8: =VLOOKUP(C8,GBOC!$E$7:$DG$29,$B$25,0) -> 0 | Z8: =IFERROR(Y8/X8,0) -> 0 | AA8: =X8-Y8 -> 1 | AB8: =VLOOKUP(C8,'Giao CT'!$D$6:$S$20,9,0) -> 30 | AC8: =VLOOKUP(C8,GBOC!$E$7:$DG$29,$B$26,0) -> 9 | AD8: =IFERROR(AC8/AB8,0) -> 0.3 | AE8: =AB8-AC8 -> 21 | AF8: =VLOOKUP(C8,'Giao CT'!$D$6:$S$20,10,0) -> 8 | AG8: =VLOOKUP(C8,GBOC!$E$7:$DG$29,$B$27,0) -> 0 | AH8: =IFERROR(AG8/AF8,0) -> 0 | AI8: =AF8-AG8 -> 8 | AJ8: =VLOOKUP(C8,'Giao CT'!$D$6:$S$20,11,0) -> 4 | AK8: 5 | AL8: =200%-IFERROR(AK8/AJ8,0) -> 0.75 | AM8: =MAX(AL8,0) -> 0.75 | AN8: =VLOOKUP(C8,'Giao CT'!$D$6:$S$20,12,0) -> 3 | AO8: =VLOOKUP(C8,GBOC!$E$7:$DG$29,$B$29,0) -> 1 | AP8: =200%-IFERROR(AO8/AN8,0) -> 1.6666667 | AQ8: =MAX(AP8,0) -> 1.6666667 | AR8: 0.97 | AS8: =(VLOOKUP(B8,cuoc!$B$7:$P$27,14,0))*1% -> 0.9298 | AT8: =IF(AS8<94.5%,0,IF(AS8<95.54%,50%,IF(AS8<AR8,80%,100%+(30%*(AS8-AR8)/3.39%)))) -> 0 | AU8: =AR8-AS8 -> 0.0402 | AV8: =VLOOKUP(C8,'Giao CT'!$D$6:$S$20,14,0) -> 1 | AW8: =VLOOKUP(C8,GBOC!$E$7:$DG$29,$B$31,0) -> 0 | AX8: =AW8/AV8 -> 0 | AY8: =AV8-AW8 -> 1 | AZ8: =VLOOKUP(C8,'Giao CT'!$D$6:$S$20,15,0) -> 1 | BA8: =VLOOKUP(C8,GBOC!$E$7:$DG$29,$B$32,0) -> 0 | BB8: =IFERROR(BA8/AZ8,1) -> 0 | BC8: =AZ8-BA8 -> 1 | BD8: =VLOOKUP(C8,'Giao CT'!$D$6:$S$20,16,0) -> 0 | BE8: =VLOOKUP(C8,GBOC!$E$7:$DG$29,$B$33,0) -> 0 | BF8: =IFERROR(BE8/BD8,1) -> 1 | BG8: =BD8-BE8 -> 0
A9: Nguyễn Thị Song Hương | B9: HUONGNTS_LDG_CNKD | C9: CNKD_LDG_HUONGNTS | D9: =VLOOKUP(C9,'Giao CT'!$D$6:$S$20,3,0) -> 7 | E9: =VLOOKUP(C9,GBOC!$E$7:$DG$29,$B$20,0) -> 9 | F9: =IFERROR(E9/D9,0) -> 1.2857143 | G9: =D9-E9 -> -2 | H9: =VLOOKUP(C9,'Giao CT'!$D$6:$S$20,4,0) -> 4 | I9: =VLOOKUP(C9,GBOC!$E$7:$DG$29,$B$21,0) -> 5 | J9: =IFERROR(I9/H9,0) -> 1.25 | K9: =H9-I9 -> -1 | L9: =VLOOKUP(C9,'Giao CT'!$D$6:$S$20,5,0) -> 5 | M9: =VLOOKUP(C9,GBOC!$E$7:$DG$29,$B$22,0) -> 6 | N9: =IFERROR(M9/L9,0) -> 1.2 | O9: =L9-M9 -> -1 | P9: =VLOOKUP(C9,'Giao CT'!$D$6:$S$20,6,0) -> 4 | Q9: =VLOOKUP(C9,GBOC!$E$7:$DG$29,$B$23,0) -> 3 | R9: =IFERROR(Q9/P9,0) -> 0.75 | S9: =P9-Q9 -> 1 | T9: =VLOOKUP(C9,'Giao CT'!$D$6:$S$20,7,0) -> 4 | U9: =VLOOKUP(C9,GBOC!$E$7:$DG$29,$B$24,0) -> 3 | V9: =IFERROR(U9/T9,0) -> 0.75 | W9: =T9-U9 -> 1 | X9: =VLOOKUP(C9,'Giao CT'!$D$6:$S$20,8,0) -> 1 | Y9: =VLOOKUP(C9,GBOC!$E$7:$DG$29,$B$25,0) -> 10 | Z9: =IFERROR(Y9/X9,0) -> 10 | AA9: =X9-Y9 -> -9 | AB9: =VLOOKUP(C9,'Giao CT'!$D$6:$S$20,9,0) -> 40 | AC9: =VLOOKUP(C9,GBOC!$E$7:$DG$29,$B$26,0) -> 85 | AD9: =IFERROR(AC9/AB9,0) -> 2.125 | AE9: =AB9-AC9 -> -45 | AF9: =VLOOKUP(C9,'Giao CT'!$D$6:$S$20,10,0) -> 8 | AG9: =VLOOKUP(C9,GBOC!$E$7:$DG$29,$B$27,0) -> 7 | AH9: =IFERROR(AG9/AF9,0) -> 0.875 | AI9: =AF9-AG9 -> 1 | AJ9: =VLOOKUP(C9,'Giao CT'!$D$6:$S$20,11,0) -> 3 | AK9: 5 | AL9: =200%-IFERROR(AK9/AJ9,0) -> 0.33333333 | AM9: =MAX(AL9,0) -> 0.33333333 | AN9: =VLOOKUP(C9,'Giao CT'!$D$6:$S$20,12,0) -> 4 | AO9: =VLOOKUP(C9,GBOC!$E$7:$DG$29,$B$29,0) -> 3 | AP9: =200%-IFERROR(AO9/AN9,0) -> 1.25 | AQ9: =MAX(AP9,0) -> 1.25 | AR9: 0.97 | AS9: =(VLOOKUP(B9,cuoc!$B$7:$P$27,14,0))*1% -> 0.9465 | AT9: =IF(AS9<94.5%,0,IF(AS9<95.54%,50%,IF(AS9<AR9,80%,100%+(30%*(AS9-AR9)/3.39%)))) -> 0.5 | AU9: =AR9-AS9 -> 0.0235 | AV9: =VLOOKUP(C9,'Giao CT'!$D$6:$S$20,14,0) -> 2 | AW9: =VLOOKUP(C9,GBOC!$E$7:$DG$29,$B$31,0) -> 0 | AX9: =AW9/AV9 -> 0 | AY9: =AV9-AW9 -> 2 | AZ9: =VLOOKUP(C9,'Giao CT'!$D$6:$S$20,15,0) -> 1 | BA9: =VLOOKUP(C9,GBOC!$E$7:$DG$29,$B$32,0) -> 1 | BB9: =IFERROR(BA9/AZ9,1) -> 1 | BC9: =AZ9-BA9 -> 0 | BD9: =VLOOKUP(C9,'Giao CT'!$D$6:$S$20,16,0) -> 0 | BE9: =VLOOKUP(C9,GBOC!$E$7:$DG$29,$B$33,0) -> 0 | BF9: =IFERROR(BE9/BD9,1) -> 1 | BG9: =BD9-BE9 -> 0
A10: Vũ Thị Thu Hương | B10: HUONGVTT_LDG_CNKD | C10: CNKD_LDG_HUONGVTT | D10: =VLOOKUP(C10,'Giao CT'!$D$6:$S$20,3,0) -> 7 | E10: =VLOOKUP(C10,GBOC!$E$7:$DG$29,$B$20,0) -> 7 | F10: =IFERROR(E10/D10,0) -> 1 | G10: =D10-E10 -> 0 | H10: =VLOOKUP(C10,'Giao CT'!$D$6:$S$20,4,0) -> 3 | I10: =VLOOKUP(C10,GBOC!$E$7:$DG$29,$B$21,0) -> 3 | J10: =IFERROR(I10/H10,0) -> 1 | K10: =H10-I10 -> 0 | L10: =VLOOKUP(C10,'Giao CT'!$D$6:$S$20,5,0) -> 4 | M10: =VLOOKUP(C10,GBOC!$E$7:$DG$29,$B$22,0) -> 4 | N10: =IFERROR(M10/L10,0) -> 1 | O10: =L10-M10 -> 0 | P10: =VLOOKUP(C10,'Giao CT'!$D$6:$S$20,6,0) -> 4 | Q10: =VLOOKUP(C10,GBOC!$E$7:$DG$29,$B$23,0) -> 2 | R10: =IFERROR(Q10/P10,0) -> 0.5 | S10: =P10-Q10 -> 2 | T10: =VLOOKUP(C10,'Giao CT'!$D$6:$S$20,7,0) -> 3 | U10: =VLOOKUP(C10,GBOC!$E$7:$DG$29,$B$24,0) -> 4 | V10: =IFERROR(U10/T10,0) -> 1.3333333 | W10: =T10-U10 -> -1 | X10: =VLOOKUP(C10,'Giao CT'!$D$6:$S$20,8,0) -> 1 | Y10: =VLOOKUP(C10,GBOC!$E$7:$DG$29,$B$25,0) -> 3 | Z10: =IFERROR(Y10/X10,0) -> 3 | AA10: =X10-Y10 -> -2 | AB10: =VLOOKUP(C10,'Giao CT'!$D$6:$S$20,9,0) -> 30 | AC10: =VLOOKUP(C10,GBOC!$E$7:$DG$29,$B$26,0) -> 26 | AD10: =IFERROR(AC10/AB10,0) -> 0.86666667 | AE10: =AB10-AC10 -> 4 | AF10: =VLOOKUP(C10,'Giao CT'!$D$6:$S$20,10,0) -> 8 | AG10: =VLOOKUP(C10,GBOC!$E$7:$DG$29,$B$27,0) -> 3 | AH10: =IFERROR(AG10/AF10,0) -> 0.375 | AI10: =AF10-AG10 -> 5 | AJ10: =VLOOKUP(C10,'Giao CT'!$D$6:$S$20,11,0) -> 4 | AK10: 3 | AL10: =200%-IFERROR(AK10/AJ10,0) -> 1.25 | AM10: =MAX(AL10,0) -> 1.25 | AN10: =VLOOKUP(C10,'Giao CT'!$D$6:$S$20,12,0) -> 4 | AO10: =VLOOKUP(C10,GBOC!$E$7:$DG$29,$B$29,0) -> 1 | AP10: =200%-IFERROR(AO10/AN10,0) -> 1.75 | AQ10: =MAX(AP10,0) -> 1.75 | AR10: 0.97 | AS10: =(VLOOKUP(B10,cuoc!$B$7:$P$27,14,0))*1% -> 0.9724 | AT10: =IF(AS10<94.5%,0,IF(AS10<95.54%,50%,IF(AS10<AR10,80%,100%+(30%*(AS10-AR10)/3.39%)))) -> 1.0212389 | AU10: =AR10-AS10 -> -0.0024 | AV10: =VLOOKUP(C10,'Giao CT'!$D$6:$S$20,14,0) -> 1 | AW10: =VLOOKUP(C10,GBOC!$E$7:$DG$29,$B$31,0) -> 0 | AX10: =AW10/AV10 -> 0 | AY10: =AV10-AW10 -> 1 | AZ10: =VLOOKUP(C10,'Giao CT'!$D$6:$S$20,15,0) -> 1 | BA10: =VLOOKUP(C10,GBOC!$E$7:$DG$29,$B$32,0) -> 0 | BB10: =IFERROR(BA10/AZ10,1) -> 0 | BC10: =AZ10-BA10 -> 1 | BD10: =VLOOKUP(C10,'Giao CT'!$D$6:$S$20,16,0) -> 0 | BE10: =VLOOKUP(C10,GBOC!$E$7:$DG$29,$B$33,0) -> 0 | BF10: =IFERROR(BE10/BD10,1) -> 1 | BG10: =BD10-BE10 -> 0
A11: Phạm Mỹ Linh | B11: LINHPM_LDG_CNKD | C11: CNKD_LDG_LINHPM | D11: =VLOOKUP(C11,'Giao CT'!$D$6:$S$20,3,0) -> 8 | E11: =VLOOKUP(C11,GBOC!$E$7:$DG$29,$B$20,0) -> 8 | F11: =IFERROR(E11/D11,0) -> 1 | G11: =D11-E11 -> 0 | H11: =VLOOKUP(C11,'Giao CT'!$D$6:$S$20,4,0) -> 4 | I11: =VLOOKUP(C11,GBOC!$E$7:$DG$29,$B$21,0) -> 5 | J11: =IFERROR(I11/H11,0) -> 1.25 | K11: =H11-I11 -> -1 | L11: =VLOOKUP(C11,'Giao CT'!$D$6:$S$20,5,0) -> 5 | M11: =VLOOKUP(C11,GBOC!$E$7:$DG$29,$B$22,0) -> 4 | N11: =IFERROR(M11/L11,0) -> 0.8 | O11: =L11-M11 -> 1 | P11: =VLOOKUP(C11,'Giao CT'!$D$6:$S$20,6,0) -> 5 | Q11: =VLOOKUP(C11,GBOC!$E$7:$DG$29,$B$23,0) -> 1 | R11: =IFERROR(Q11/P11,0) -> 0.2 | S11: =P11-Q11 -> 4 | T11: =VLOOKUP(C11,'Giao CT'!$D$6:$S$20,7,0) -> 4 | U11: =VLOOKUP(C11,GBOC!$E$7:$DG$29,$B$24,0) -> 5 | V11: =IFERROR(U11/T11,0) -> 1.25 | W11: =T11-U11 -> -1 | X11: =VLOOKUP(C11,'Giao CT'!$D$6:$S$20,8,0) -> 1 | Y11: =VLOOKUP(C11,GBOC!$E$7:$DG$29,$B$25,0) -> 1 | Z11: =IFERROR(Y11/X11,0) -> 1 | AA11: =X11-Y11 -> 0 | AB11: =VLOOKUP(C11,'Giao CT'!$D$6:$S$20,9,0) -> 50 | AC11: =VLOOKUP(C11,GBOC!$E$7:$DG$29,$B$26,0) -> 71 | AD11: =IFERROR(AC11/AB11,0) -> 1.42 | AE11: =AB11-AC11 -> -21 | AF11: =VLOOKUP(C11,'Giao CT'!$D$6:$S$20,10,0) -> 9 | AG11: =VLOOKUP(C11,GBOC!$E$7:$DG$29,$B$27,0) -> 11 | AH11: =IFERROR(AG11/AF11,0) -> 1.2222222 | AI11: =AF11-AG11 -> -2 | AJ11: =VLOOKUP(C11,'Giao CT'!$D$6:$S$20,11,0) -> 4 | AK11: 19 | AL11: =200%-IFERROR(AK11/AJ11,0) -> -2.75 | AM11: =MAX(AL11,0) -> 0 | AN11: =VLOOKUP(C11,'Giao CT'!$D$6:$S$20,12,0) -> 5 | AO11: =VLOOKUP(C11,GBOC!$E$7:$DG$29,$B$29,0) -> 2 | AP11: =200%-IFERROR(AO11/AN11,0) -> 1.6 | AQ11: =MAX(AP11,0) -> 1.6 | AR11: 0.97 | AS11: =(VLOOKUP(B11,cuoc!$B$7:$P$27,14,0))*1% -> 0.959 | AT11: =IF(AS11<94.5%,0,IF(AS11<95.54%,50%,IF(AS11<AR11,80%,100%+(30%*(AS11-AR11)/3.39%)))) -> 0.8 | AU11: =AR11-AS11 -> 0.011 | AV11: =VLOOKUP(C11,'Giao CT'!$D$6:$S$20,14,0) -> 2 | AW11: =VLOOKUP(C11,GBOC!$E$7:$DG$29,$B$31,0) -> 0 | AX11: =AW11/AV11 -> 0 | AY11: =AV11-AW11 -> 2 | AZ11: =VLOOKUP(C11,'Giao CT'!$D$6:$S$20,15,0) -> 1 | BA11: =VLOOKUP(C11,GBOC!$E$7:$DG$29,$B$32,0) -> 2 | BB11: =IFERROR(BA11/AZ11,1) -> 2 | BC11: =AZ11-BA11 -> -1 | BD11: =VLOOKUP(C11,'Giao CT'!$D$6:$S$20,16,0) -> 1 | BE11: =VLOOKUP(C11,GBOC!$E$7:$DG$29,$B$33,0) -> 0 | BF11: =IFERROR(BE11/BD11,1) -> 0 | BG11: =BD11-BE11 -> 1
A12: Vũ Đức Nhuận | B12: NHUANVD_LDG_CNKD | C12: CNKD_LDG_NHUANVD | D12: =VLOOKUP(C12,'Giao CT'!$D$6:$S$20,3,0) -> 8 | E12: =VLOOKUP(C12,GBOC!$E$7:$DG$29,$B$20,0) -> 10 | F12: =IFERROR(E12/D12,0) -> 1.25 | G12: =D12-E12 -> -2 | H12: =VLOOKUP(C12,'Giao CT'!$D$6:$S$20,4,0) -> 4 | I12: =VLOOKUP(C12,GBOC!$E$7:$DG$29,$B$21,0) -> 4 | J12: =IFERROR(I12/H12,0) -> 1 | K12: =H12-I12 -> 0 | L12: =VLOOKUP(C12,'Giao CT'!$D$6:$S$20,5,0) -> 5 | M12: =VLOOKUP(C12,GBOC!$E$7:$DG$29,$B$22,0) -> 3 | N12: =IFERROR(M12/L12,0) -> 0.6 | O12: =L12-M12 -> 2 | P12: =VLOOKUP(C12,'Giao CT'!$D$6:$S$20,6,0) -> 5 | Q12: =VLOOKUP(C12,GBOC!$E$7:$DG$29,$B$23,0) -> 6 | R12: =IFERROR(Q12/P12,0) -> 1.2 | S12: =P12-Q12 -> -1 | T12: =VLOOKUP(C12,'Giao CT'!$D$6:$S$20,7,0) -> 3 | U12: =VLOOKUP(C12,GBOC!$E$7:$DG$29,$B$24,0) -> 4 | V12: =IFERROR(U12/T12,0) -> 1.3333333 | W12: =T12-U12 -> -1 | X12: =VLOOKUP(C12,'Giao CT'!$D$6:$S$20,8,0) -> 1 | Y12: =VLOOKUP(C12,GBOC!$E$7:$DG$29,$B$25,0) -> 1 | Z12: =IFERROR(Y12/X12,0) -> 1 | AA12: =X12-Y12 -> 0 | AB12: =VLOOKUP(C12,'Giao CT'!$D$6:$S$20,9,0) -> 30 | AC12: =VLOOKUP(C12,GBOC!$E$7:$DG$29,$B$26,0) -> 61 | AD12: =IFERROR(AC12/AB12,0) -> 2.0333333 | AE12: =AB12-AC12 -> -31 | AF12: =VLOOKUP(C12,'Giao CT'!$D$6:$S$20,10,0) -> 9 | AG12: =VLOOKUP(C12,GBOC!$E$7:$DG$29,$B$27,0) -> 11 | AH12: =IFERROR(AG12/AF12,0) -> 1.2222222 | AI12: =AF12-AG12 -> -2 | AJ12: =VLOOKUP(C12,'Giao CT'!$D$6:$S$20,11,0) -> 4 | AK12: 4 | AL12: =200%-IFERROR(AK12/AJ12,0) -> 1 | AM12: =MAX(AL12,0) -> 1 | AN12: =VLOOKUP(C12,'Giao CT'!$D$6:$S$20,12,0) -> 5 | AO12: =VLOOKUP(C12,GBOC!$E$7:$DG$29,$B$29,0) -> 2 | AP12: =200%-IFERROR(AO12/AN12,0) -> 1.6 | AQ12: =MAX(AP12,0) -> 1.6 | AR12: 0.97 | AS12: =(VLOOKUP(B12,cuoc!$B$7:$P$27,14,0))*1% -> 0.9592 | AT12: =IF(AS12<94.5%,0,IF(AS12<95.54%,50%,IF(AS12<AR12,80%,100%+(30%*(AS12-AR12)/3.39%)))) -> 0.8 | AU12: =AR12-AS12 -> 0.0108 | AV12: =VLOOKUP(C12,'Giao CT'!$D$6:$S$20,14,0) -> 3 | AW12: =VLOOKUP(C12,GBOC!$E$7:$DG$29,$B$31,0) -> 0 | AX12: =AW12/AV12 -> 0 | AY12: =AV12-AW12 -> 3 | AZ12: =VLOOKUP(C12,'Giao CT'!$D$6:$S$20,15,0) -> 1 | BA12: =VLOOKUP(C12,GBOC!$E$7:$DG$29,$B$32,0) -> 1 | BB12: =IFERROR(BA12/AZ12,1) -> 1 | BC12: =AZ12-BA12 -> 0 | BD12: =VLOOKUP(C12,'Giao CT'!$D$6:$S$20,16,0) -> 0 | BE12: =VLOOKUP(C12,GBOC!$E$7:$DG$29,$B$33,0) -> 0 | BF12: =IFERROR(BE12/BD12,1) -> 1 | BG12: =BD12-BE12 -> 0
A13: Nguyễn Thị Thu Phượng | B13: PHUONGNTT1_LDG_CNKD | C13: CNKD_LDG_PHUONGNTT1 | D13: =VLOOKUP(C13,'Giao CT'!$D$6:$S$20,3,0) -> 7 | E13: =VLOOKUP(C13,GBOC!$E$7:$DG$29,$B$20,0) -> 7 | F13: =IFERROR(E13/D13,0) -> 1 | G13: =D13-E13 -> 0 | H13: =VLOOKUP(C13,'Giao CT'!$D$6:$S$20,4,0) -> 4 | I13: =VLOOKUP(C13,GBOC!$E$7:$DG$29,$B$21,0) -> 10 | J13: =IFERROR(I13/H13,0) -> 2.5 | K13: =H13-I13 -> -6 | L13: =VLOOKUP(C13,'Giao CT'!$D$6:$S$20,5,0) -> 5 | M13: =VLOOKUP(C13,GBOC!$E$7:$DG$29,$B$22,0) -> 3 | N13: =IFERROR(M13/L13,0) -> 0.6 | O13: =L13-M13 -> 2 | P13: =VLOOKUP(C13,'Giao CT'!$D$6:$S$20,6,0) -> 4 | Q13: =VLOOKUP(C13,GBOC!$E$7:$DG$29,$B$23,0) -> 6 | R13: =IFERROR(Q13/P13,0) -> 1.5 | S13: =P13-Q13 -> -2 | T13: =VLOOKUP(C13,'Giao CT'!$D$6:$S$20,7,0) -> 4 | U13: =VLOOKUP(C13,GBOC!$E$7:$DG$29,$B$24,0) -> 8 | V13: =IFERROR(U13/T13,0) -> 2 | W13: =T13-U13 -> -4 | X13: =VLOOKUP(C13,'Giao CT'!$D$6:$S$20,8,0) -> 1 | Y13: =VLOOKUP(C13,GBOC!$E$7:$DG$29,$B$25,0) -> 12 | Z13: =IFERROR(Y13/X13,0) -> 12 | AA13: =X13-Y13 -> -11 | AB13: =VLOOKUP(C13,'Giao CT'!$D$6:$S$20,9,0) -> 30 | AC13: =VLOOKUP(C13,GBOC!$E$7:$DG$29,$B$26,0) -> 73 | AD13: =IFERROR(AC13/AB13,0) -> 2.4333333 | AE13: =AB13-AC13 -> -43 | AF13: =VLOOKUP(C13,'Giao CT'!$D$6:$S$20,10,0) -> 8 | AG13: =VLOOKUP(C13,GBOC!$E$7:$DG$29,$B$27,0) -> 8 | AH13: =IFERROR(AG13/AF13,0) -> 1 | AI13: =AF13-AG13 -> 0 | AJ13: =VLOOKUP(C13,'Giao CT'!$D$6:$S$20,11,0) -> 4 | AK13: 8 | AL13: =200%-IFERROR(AK13/AJ13,0) -> 0 | AM13: =MAX(AL13,0) -> 0 | AN13: =VLOOKUP(C13,'Giao CT'!$D$6:$S$20,12,0) -> 5 | AO13: =VLOOKUP(C13,GBOC!$E$7:$DG$29,$B$29,0) -> 5 | AP13: =200%-IFERROR(AO13/AN13,0) -> 1 | AQ13: =MAX(AP13,0) -> 1 | AR13: 0.97 | AS13: =(VLOOKUP(B13,cuoc!$B$7:$P$27,14,0))*1% -> 0.9605 | AT13: =IF(AS13<94.5%,0,IF(AS13<95.54%,50%,IF(AS13<AR13,80%,100%+(30%*(AS13-AR13)/3.39%)))) -> 0.8 | AU13: =AR13-AS13 -> 0.0095 | AV13: =VLOOKUP(C13,'Giao CT'!$D$6:$S$20,14,0) -> 3 | AW13: =VLOOKUP(C13,GBOC!$E$7:$DG$29,$B$31,0) -> 2 | AX13: =AW13/AV13 -> 0.66666667 | AY13: =AV13-AW13 -> 1 | AZ13: =VLOOKUP(C13,'Giao CT'!$D$6:$S$20,15,0) -> 1 | BA13: =VLOOKUP(C13,GBOC!$E$7:$DG$29,$B$32,0) -> 1 | BB13: =IFERROR(BA13/AZ13,1) -> 1 | BC13: =AZ13-BA13 -> 0 | BD13: =VLOOKUP(C13,'Giao CT'!$D$6:$S$20,16,0) -> 0 | BE13: =VLOOKUP(C13,GBOC!$E$7:$DG$29,$B$33,0) -> 2 | BF13: =IFERROR(BE13/BD13,1) -> 1 | BG13: =BD13-BE13 -> -2
A14: Lê Thanh Sang | B14: SANGLT_LDG_CNKD | C14: CNKD_LDG_SANGLT | D14: =VLOOKUP(C14,'Giao CT'!$D$6:$S$20,3,0) -> 8 | E14: =VLOOKUP(C14,GBOC!$E$7:$DG$29,$B$20,0) -> 8 | F14: =IFERROR(E14/D14,0) -> 1 | G14: =D14-E14 -> 0 | H14: =VLOOKUP(C14,'Giao CT'!$D$6:$S$20,4,0) -> 4 | I14: =VLOOKUP(C14,GBOC!$E$7:$DG$29,$B$21,0) -> 2 | J14: =IFERROR(I14/H14,0) -> 0.5 | K14: =H14-I14 -> 2 | L14: =VLOOKUP(C14,'Giao CT'!$D$6:$S$20,5,0) -> 5 | M14: =VLOOKUP(C14,GBOC!$E$7:$DG$29,$B$22,0) -> 2 | N14: =IFERROR(M14/L14,0) -> 0.4 | O14: =L14-M14 -> 3 | P14: =VLOOKUP(C14,'Giao CT'!$D$6:$S$20,6,0) -> 5 | Q14: =VLOOKUP(C14,GBOC!$E$7:$DG$29,$B$23,0) -> 3 | R14: =IFERROR(Q14/P14,0) -> 0.6 | S14: =P14-Q14 -> 2 | T14: =VLOOKUP(C14,'Giao CT'!$D$6:$S$20,7,0) -> 3 | U14: =VLOOKUP(C14,GBOC!$E$7:$DG$29,$B$24,0) -> 2 | V14: =IFERROR(U14/T14,0) -> 0.66666667 | W14: =T14-U14 -> 1 | X14: =VLOOKUP(C14,'Giao CT'!$D$6:$S$20,8,0) -> 1 | Y14: =VLOOKUP(C14,GBOC!$E$7:$DG$29,$B$25,0) -> 1 | Z14: =IFERROR(Y14/X14,0) -> 1 | AA14: =X14-Y14 -> 0 | AB14: =VLOOKUP(C14,'Giao CT'!$D$6:$S$20,9,0) -> 30 | AC14: =VLOOKUP(C14,GBOC!$E$7:$DG$29,$B$26,0) -> 13 | AD14: =IFERROR(AC14/AB14,0) -> 0.43333333 | AE14: =AB14-AC14 -> 17 | AF14: =VLOOKUP(C14,'Giao CT'!$D$6:$S$20,10,0) -> 9 | AG14: =VLOOKUP(C14,GBOC!$E$7:$DG$29,$B$27,0) -> 10 | AH14: =IFERROR(AG14/AF14,0) -> 1.1111111 | AI14: =AF14-AG14 -> -1 | AJ14: =VLOOKUP(C14,'Giao CT'!$D$6:$S$20,11,0) -> 4 | AK14: 4 | AL14: =200%-IFERROR(AK14/AJ14,0) -> 1 | AM14: =MAX(AL14,0) -> 1 | AN14: =VLOOKUP(C14,'Giao CT'!$D$6:$S$20,12,0) -> 5 | AO14: =VLOOKUP(C14,GBOC!$E$7:$DG$29,$B$29,0) -> 6 | AP14: =200%-IFERROR(AO14/AN14,0) -> 0.8 | AQ14: =MAX(AP14,0) -> 0.8 | AR14: 0.97 | AS14: =(VLOOKUP(B14,cuoc!$B$7:$P$27,14,0))*1% -> 0.9325 | AT14: =IF(AS14<94.5%,0,IF(AS14<95.54%,50%,IF(AS14<AR14,80%,100%+(30%*(AS14-AR14)/3.39%)))) -> 0 | AU14: =AR14-AS14 -> 0.0375 | AV14: =VLOOKUP(C14,'Giao CT'!$D$6:$S$20,14,0) -> 2 | AW14: =VLOOKUP(C14,GBOC!$E$7:$DG$29,$B$31,0) -> 0 | AX14: =AW14/AV14 -> 0 | AY14: =AV14-AW14 -> 2 | AZ14: =VLOOKUP(C14,'Giao CT'!$D$6:$S$20,15,0) -> 1 | BA14: =VLOOKUP(C14,GBOC!$E$7:$DG$29,$B$32,0) -> 1 | BB14: =IFERROR(BA14/AZ14,1) -> 1 | BC14: =AZ14-BA14 -> 0 | BD14: =VLOOKUP(C14,'Giao CT'!$D$6:$S$20,16,0) -> 0 | BE14: =VLOOKUP(C14,GBOC!$E$7:$DG$29,$B$33,0) -> 0 | BF14: =IFERROR(BE14/BD14,1) -> 1 | BG14: =BD14-BE14 -> 0
A15: Trương Văn Sang | B15: SANGTV_LDG_CNKD | C15: CNKD_LDG_SANGTV | D15: =VLOOKUP(C15,'Giao CT'!$D$6:$S$20,3,0) -> 7 | E15: =VLOOKUP(C15,GBOC!$E$7:$DG$29,$B$20,0) -> 7 | F15: =IFERROR(E15/D15,0) -> 1 | G15: =D15-E15 -> 0 | H15: =VLOOKUP(C15,'Giao CT'!$D$6:$S$20,4,0) -> 4 | I15: =VLOOKUP(C15,GBOC!$E$7:$DG$29,$B$21,0) -> 5 | J15: =IFERROR(I15/H15,0) -> 1.25 | K15: =H15-I15 -> -1 | L15: =VLOOKUP(C15,'Giao CT'!$D$6:$S$20,5,0) -> 5 | M15: =VLOOKUP(C15,GBOC!$E$7:$DG$29,$B$22,0) -> 4 | N15: =IFERROR(M15/L15,0) -> 0.8 | O15: =L15-M15 -> 1 | P15: =VLOOKUP(C15,'Giao CT'!$D$6:$S$20,6,0) -> 4 | Q15: =VLOOKUP(C15,GBOC!$E$7:$DG$29,$B$23,0) -> 3 | R15: =IFERROR(Q15/P15,0) -> 0.75 | S15: =P15-Q15 -> 1 | T15: =VLOOKUP(C15,'Giao CT'!$D$6:$S$20,7,0) -> 4 | U15: =VLOOKUP(C15,GBOC!$E$7:$DG$29,$B$24,0) -> 4 | V15: =IFERROR(U15/T15,0) -> 1 | W15: =T15-U15 -> 0 | X15: =VLOOKUP(C15,'Giao CT'!$D$6:$S$20,8,0) -> 1 | Y15: =VLOOKUP(C15,GBOC!$E$7:$DG$29,$B$25,0) -> 1 | Z15: =IFERROR(Y15/X15,0) -> 1 | AA15: =X15-Y15 -> 0 | AB15: =VLOOKUP(C15,'Giao CT'!$D$6:$S$20,9,0) -> 30 | AC15: =VLOOKUP(C15,GBOC!$E$7:$DG$29,$B$26,0) -> 52 | AD15: =IFERROR(AC15/AB15,0) -> 1.7333333 | AE15: =AB15-AC15 -> -22 | AF15: =VLOOKUP(C15,'Giao CT'!$D$6:$S$20,10,0) -> 8 | AG15: =VLOOKUP(C15,GBOC!$E$7:$DG$29,$B$27,0) -> 6 | AH15: =IFERROR(AG15/AF15,0) -> 0.75 | AI15: =AF15-AG15 -> 2 | AJ15: =VLOOKUP(C15,'Giao CT'!$D$6:$S$20,11,0) -> 4 | AK15: 4 | AL15: =200%-IFERROR(AK15/AJ15,0) -> 1 | AM15: =MAX(AL15,0) -> 1 | AN15: =VLOOKUP(C15,'Giao CT'!$D$6:$S$20,12,0) -> 4 | AO15: =VLOOKUP(C15,GBOC!$E$7:$DG$29,$B$29,0) -> 2 | AP15: =200%-IFERROR(AO15/AN15,0) -> 1.5 | AQ15: =MAX(AP15,0) -> 1.5 | AR15: 0.97 | AS15: =(VLOOKUP(B15,cuoc!$B$7:$P$27,14,0))*1% -> 0.9553 | AT15: =IF(AS15<94.5%,0,IF(AS15<95.54%,50%,IF(AS15<AR15,80%,100%+(30%*(AS15-AR15)/3.39%)))) -> 0.5 | AU15: =AR15-AS15 -> 0.0147 | AV15: =VLOOKUP(C15,'Giao CT'!$D$6:$S$20,14,0) -> 2 | AW15: =VLOOKUP(C15,GBOC!$E$7:$DG$29,$B$31,0) -> 0 | AX15: =AW15/AV15 -> 0 | AY15: =AV15-AW15 -> 2 | AZ15: =VLOOKUP(C15,'Giao CT'!$D$6:$S$20,15,0) -> 1 | BA15: =VLOOKUP(C15,GBOC!$E$7:$DG$29,$B$32,0) -> 3 | BB15: =IFERROR(BA15/AZ15,1) -> 3 | BC15: =AZ15-BA15 -> -2 | BD15: =VLOOKUP(C15,'Giao CT'!$D$6:$S$20,16,0) -> 0 | BE15: =VLOOKUP(C15,GBOC!$E$7:$DG$29,$B$33,0) -> 0 | BF15: =IFERROR(BE15/BD15,1) -> 1 | BG15: =BD15-BE15 -> 0
A16: Đặng Thị Tám | B16: TAMDT_LDG_CNKD | C16: CNKD_LDG_TAMDT | D16: =VLOOKUP(C16,'Giao CT'!$D$6:$S$20,3,0) -> 8 | E16: =VLOOKUP(C16,GBOC!$E$7:$DG$29,$B$20,0) -> 8 | F16: =IFERROR(E16/D16,0) -> 1 | G16: =D16-E16 -> 0 | H16: =VLOOKUP(C16,'Giao CT'!$D$6:$S$20,4,0) -> 4 | I16: =VLOOKUP(C16,GBOC!$E$7:$DG$29,$B$21,0) -> 6 | J16: =IFERROR(I16/H16,0) -> 1.5 | K16: =H16-I16 -> -2 | L16: =VLOOKUP(C16,'Giao CT'!$D$6:$S$20,5,0) -> 5 | M16: =VLOOKUP(C16,GBOC!$E$7:$DG$29,$B$22,0) -> 3 | N16: =IFERROR(M16/L16,0) -> 0.6 | O16: =L16-M16 -> 2 | P16: =VLOOKUP(C16,'Giao CT'!$D$6:$S$20,6,0) -> 5 | Q16: =VLOOKUP(C16,GBOC!$E$7:$DG$29,$B$23,0) -> 4 | R16: =IFERROR(Q16/P16,0) -> 0.8 | S16: =P16-Q16 -> 1 | T16: =VLOOKUP(C16,'Giao CT'!$D$6:$S$20,7,0) -> 4 | U16: =VLOOKUP(C16,GBOC!$E$7:$DG$29,$B$24,0) -> 4 | V16: =IFERROR(U16/T16,0) -> 1 | W16: =T16-U16 -> 0 | X16: =VLOOKUP(C16,'Giao CT'!$D$6:$S$20,8,0) -> 1 | Y16: =VLOOKUP(C16,GBOC!$E$7:$DG$29,$B$25,0) -> 2 | Z16: =IFERROR(Y16/X16,0) -> 2 | AA16: =X16-Y16 -> -1 | AB16: =VLOOKUP(C16,'Giao CT'!$D$6:$S$20,9,0) -> 30 | AC16: =VLOOKUP(C16,GBOC!$E$7:$DG$29,$B$26,0) -> 73 | AD16: =IFERROR(AC16/AB16,0) -> 2.4333333 | AE16: =AB16-AC16 -> -43 | AF16: =VLOOKUP(C16,'Giao CT'!$D$6:$S$20,10,0) -> 9 | AG16: =VLOOKUP(C16,GBOC!$E$7:$DG$29,$B$27,0) -> 12 | AH16: =IFERROR(AG16/AF16,0) -> 1.3333333 | AI16: =AF16-AG16 -> -3 | AJ16: =VLOOKUP(C16,'Giao CT'!$D$6:$S$20,11,0) -> 4 | AK16: 4 | AL16: =200%-IFERROR(AK16/AJ16,0) -> 1 | AM16: =MAX(AL16,0) -> 1 | AN16: =VLOOKUP(C16,'Giao CT'!$D$6:$S$20,12,0) -> 5 | AO16: =VLOOKUP(C16,GBOC!$E$7:$DG$29,$B$29,0) -> 3 | AP16: =200%-IFERROR(AO16/AN16,0) -> 1.4 | AQ16: =MAX(AP16,0) -> 1.4 | AR16: 0.97 | AS16: =(VLOOKUP(B16,cuoc!$B$7:$P$27,14,0))*1% -> 0.9585 | AT16: =IF(AS16<94.5%,0,IF(AS16<95.54%,50%,IF(AS16<AR16,80%,100%+(30%*(AS16-AR16)/3.39%)))) -> 0.8 | AU16: =AR16-AS16 -> 0.0115 | AV16: =VLOOKUP(C16,'Giao CT'!$D$6:$S$20,14,0) -> 3 | AW16: =VLOOKUP(C16,GBOC!$E$7:$DG$29,$B$31,0) -> 0 | AX16: =AW16/AV16 -> 0 | AY16: =AV16-AW16 -> 3 | AZ16: =VLOOKUP(C16,'Giao CT'!$D$6:$S$20,15,0) -> 1 | BA16: =VLOOKUP(C16,GBOC!$E$7:$DG$29,$B$32,0) -> 2 | BB16: =IFERROR(BA16/AZ16,1) -> 2 | BC16: =AZ16-BA16 -> -1 | BD16: =VLOOKUP(C16,'Giao CT'!$D$6:$S$20,16,0) -> 0 | BE16: =VLOOKUP(C16,GBOC!$E$7:$DG$29,$B$33,0) -> 2 | BF16: =IFERROR(BE16/BD16,1) -> 1 | BG16: =BD16-BE16 -> -2
... A18: Vòng Vĩnh Vân | B18: VANVV_LDG_CNKD | C18: CNKD_LDG_VANVV | D18: =VLOOKUP(C18,'Giao CT'!$D$6:$S$20,3,0) -> 3 | E18: =VLOOKUP(C18,GBOC!$E$7:$DG$29,$B$20,0) -> 4 | F18: =IFERROR(E18/D18,0) -> 1.3333333 | G18: =D18-E18 -> -1 | H18: =VLOOKUP(C18,'Giao CT'!$D$6:$S$20,4,0) -> 2 | I18: =VLOOKUP(C18,GBOC!$E$7:$DG$29,$B$21,0) -> 0 | J18: =IFERROR(I18/H18,0) -> 0 | K18: =H18-I18 -> 2 | L18: =VLOOKUP(C18,'Giao CT'!$D$6:$S$20,5,0) -> 2 | M18: =VLOOKUP(C18,GBOC!$E$7:$DG$29,$B$22,0) -> 3 | N18: =IFERROR(M18/L18,0) -> 1.5 | O18: =L18-M18 -> -1 | P18: =VLOOKUP(C18,'Giao CT'!$D$6:$S$20,6,0) -> 3 | Q18: =VLOOKUP(C18,GBOC!$E$7:$DG$29,$B$23,0) -> 1 | R18: =IFERROR(Q18/P18,0) -> 0.33333333 | S18: =P18-Q18 -> 2 | T18: =VLOOKUP(C18,'Giao CT'!$D$6:$S$20,7,0) -> 3 | U18: =VLOOKUP(C18,GBOC!$E$7:$DG$29,$B$24,0) -> 3 | V18: =IFERROR(U18/T18,0) -> 1 | W18: =T18-U18 -> 0 | X18: =VLOOKUP(C18,'Giao CT'!$D$6:$S$20,8,0) -> 1 | Y18: =VLOOKUP(C18,GBOC!$E$7:$DG$29,$B$25,0) -> 1 | Z18: =IFERROR(Y18/X18,0) -> 1 | AA18: =X18-Y18 -> 0 | AB18: =VLOOKUP(C18,'Giao CT'!$D$6:$S$20,9,0) -> 14 | AC18: =VLOOKUP(C18,GBOC!$E$7:$DG$29,$B$26,0) -> 21 | AD18: =IFERROR(AC18/AB18,0) -> 1.5 | AE18: =AB18-AC18 -> -7 | AF18: =VLOOKUP(C18,'Giao CT'!$D$6:$S$20,10,0) -> 5 | AG18: =VLOOKUP(C18,GBOC!$E$7:$DG$29,$B$27,0) -> 3 | AH18: =IFERROR(AG18/AF18,0) -> 0.6 | AI18: =AF18-AG18 -> 2 | AJ18: =VLOOKUP(C18,'Giao CT'!$D$6:$S$20,11,0) -> 3 | AK18: 4 | AL18: =200%-IFERROR(AK18/AJ18,0) -> 0.66666667 | AM18: =MAX(AL18,0) -> 0.66666667 | AN18: =VLOOKUP(C18,'Giao CT'!$D$6:$S$20,12,0) -> 3 | AO18: =VLOOKUP(C18,GBOC!$E$7:$DG$29,$B$29,0) -> 0 | AP18: =200%-IFERROR(AO18/AN18,0) -> 2 | AQ18: =MAX(AP18,0) -> 2 | AR18: 0.97 | AS18: =(VLOOKUP(B18,cuoc!$B$7:$P$27,14,0))*1% -> 0.9526 | AT18: =IF(AS18<94.5%,0,IF(AS18<95.54%,50%,IF(AS18<AR18,80%,100%+(30%*(AS18-AR18)/3.39%)))) -> 0.5 | AU18: =AR18-AS18 -> 0.0174 | AV18: =VLOOKUP(C18,'Giao CT'!$D$6:$S$20,14,0) -> 1 | AW18: =VLOOKUP(C18,GBOC!$E$7:$DG$29,$B$31,0) -> 0 | AX18: =AW18/AV18 -> 0 | AY18: =AV18-AW18 -> 1 | AZ18: =VLOOKUP(C18,'Giao CT'!$D$6:$S$20,15,0) -> 1 | BA18: =VLOOKUP(C18,GBOC!$E$7:$DG$29,$B$32,0) -> 1 | BB18: =IFERROR(BA18/AZ18,1) -> 1 | BC18: =AZ18-BA18 -> 0 | BD18: =VLOOKUP(C18,'Giao CT'!$D$6:$S$20,16,0) -> 0 | BE18: =VLOOKUP(C18,GBOC!$E$7:$DG$29,$B$33,0) -> 0 | BF18: =IFERROR(BE18/BD18,1) -> 1 | BG18: =BD18-BE18 -> 0
F19: =TODAY() -> 46081 | I19: =DAY(F19) -> 28 | J19: 31 | K19: =I19/J19 -> 0.90322581 | L19: KPI theo tiến độ ngày | BG19: =#REF!*80%-#REF! -> #REF!
A20: TB FTTH phát triển mới | B20: 7 | C20: =B20-2 -> 5
A21: Supernet PTM | B21: 15 | C21: =B21-2 -> 13
A22: Camera Đấu nối và bán đứt mua icloud | B22: 55 | C22: =B22-2 -> 53
A23: THS Đôi dây PTM | B23: 87 | C23: =B23-2 -> 85
A24: Thuê Bao trả sau | B24: 95 | C24: =B24-2 -> 93
A25: Thuê bao thực 4G | B25: 103 | C25: =B25-2 -> 101
A26: Thuê bao 5G | B26: 47 | C26: =B26-2 -> 45
A27: Thuê bao standard | B27: 79 | C27: =B27-2 -> 77
A28: Rời mạng THS | B28: 39 | C28: =B28-2 -> 37
A29: Rời mạng FTTH | B29: 31 | C29: =B29-2 -> 29
A30: Cước N1- N3
A31: Khôi phục THS | B31: 23 | C31: =B31-2 -> 21
A32: Thuê Bao mybox | B32: 71 | C32: =B32-2 -> 69
A33: MYKID | B33: 63 | C33: =B33-2 -> 61

Sheet điểm NV
A1: STT | B1: Bảng tính điểm cá nhân Kinh doanh
B2: Lê Thanh Sang | C2: KH | D2: TH | E2: Tỷ lệ hoàn thành | F2: Tỷ lệ hoàn thành | G2: Điểm Chuẩn | H2: Điểm tối đa | I2: Điểm Đạt theo chỉ tiêu | J2: Thiếu để đạt 100% | K2: Lưu ý, đỏ là đã dư Mốc 100%. Anh em canh số lượng ô màu vàng để làm
A3: A | B3: CHỈ TIÊU KINH DOANH VTT: | G3: =SUM(G4:G14) -> 101 | H3: =SUM(H4:H14) -> 125.7 | L3: mã dữ liệu ko xoá
A4: 1 | B4: TBTS_PTM (gồm CĐ) | C4: =VLOOKUP($B$2,'TH NV'!$A$5:$BG$18,'điểm NV'!M8,0) -> 3 | D4: =VLOOKUP($B$2,'TH NV'!$A$5:$BG$18,N8,0) -> 2 | E4: =D4/C4 -> 0.66666667 | F4: =MAX(E4,0) -> 0.66666667 | G4: 10 | H4: =G4*1.2 -> 12 | I4: =IF(F4>=1.3,G4*1.3,F4*G4) -> 6.6666667 | J4: =C4-D4 -> 1 | L4: TB FTTH phát triển mới | M4: 4 | N4: =M4+1 -> 5
A5: 2 | B5: Số chu kỳ mua gói 5G: | C5: =VLOOKUP($B$2,'TH NV'!$A$5:$BG$18,'điểm NV'!M10,0) -> 30 | D5: =VLOOKUP($B$2,'TH NV'!$A$5:$BG$18,N10,0) -> 13 | E5: =D5/C5 -> 0.43333333 | F5: =MAX(E5,0) -> 0.43333333 | G5: 10 | H5: =G5*1.3 -> 13 | I5: =IF(F5>=1.2,G5*1.2,F5*G5) -> 4.3333333 | J5: =C5-D5 -> 17 | L5: Supernet PTM | M5: 8 | N5: =M5+1 -> 9
A6: 3 | B6: Thuê bao FTTH phát triển mới | C6: =VLOOKUP($B$2,'TH NV'!$A$5:$BG$18,'điểm NV'!M4,0) -> 8 | D6: =VLOOKUP($B$2,'TH NV'!$A$5:$BG$18,N4,0) -> 8 | E6: =D6/C6 -> 1 | F6: =MAX(E6,0) -> 1 | G6: 15 | H6: =G6*1.3 -> 19.5 | I6: =IF(F6>=1.3,G6*1.3,F6*G6) -> 15 | J6: =C6-D6 -> 0 | L6: Camera Đấu nối và bán đứt mua icloud | M6: 12 | N6: =M6+1 -> 13
A7: 4 | B7: Thuê bao FTTH Supernet PTM và nâng cấp | C7: =VLOOKUP($B$2,'TH NV'!$A$5:$BG$18,'điểm NV'!M5,0) -> 4 | D7: =VLOOKUP($B$2,'TH NV'!$A$5:$BG$18,N5,0) -> 2 | E7: =D7/C7 -> 0.5 | F7: =MAX(E7,0) -> 0.5 | G7: 10 | H7: =G7*1.2 -> 12 | I7: =IF(F7>=1.2,G7*1.2,F7*G7) -> 5 | J7: =C7-D7 -> 2 | L7: THS Đôi dây PTM | M7: 16 | N7: =M7+1 -> 17
A8: 5 | B8: TB Truyền hình MHL phát triển mới trên đôi dây FTTH | C8: =VLOOKUP($B$2,'TH NV'!$A$5:$BG$18,'điểm NV'!M7,0) -> 5 | D8: =VLOOKUP($B$2,'TH NV'!$A$5:$BG$18,N7,0) -> 3 | E8: =(D8/C8) -> 0.6 | F8: =MAX(E8,0) -> 0.6 | G8: 10 | H8: =G8*1.3 -> 13 | I8: =IF(F8>=1.2,G8*1.2,F8*G8) -> 6 | J8: =C8-D8 -> 2 | L8: Thuê Bao trả sau | M8: 20 | N8: =M8+1 -> 21
A9: 6 | B9: TB TH rời mạng cho phép | C9: =VLOOKUP($B$2,'TH NV'!$A$5:$BG$18,'điểm NV'!M12,0) -> 4 | D9: =VLOOKUP($B$2,'TH NV'!$A$5:$BG$18,N12,0) -> 4 | E9: =200%-(D9/C9) -> 1 | F9: =MAX(E9,0) -> 1 | G9: 10 | H9: =G9*1.2 -> 12 | I9: =IF(F9>=1.2,G9*1.2,F9*G9) -> 10 | J9: =C9-D9 -> 0 | L9: Thuê bao thực 4G | M9: 24 | N9: =M9+1 -> 25
A10: 7 | B10: TB FTTH Rời mạng | C10: =VLOOKUP($B$2,'TH NV'!$A$5:$BG$18,'điểm NV'!M13,0) -> 5 | D10: =VLOOKUP($B$2,'TH NV'!$A$5:$BG$18,N13,0) -> 6 | E10: =200%-IFERROR(D10/C10,2) -> 0.8 | F10: =MAX(E10,0) -> 0.8 | G10: 10 | H10: =G10*1.2 -> 12 | I10: =IF(F10>=1.2,G10*1.2,F10*G10) -> 8 | J10: =C10-D10 -> -1 | L10: Thuê bao 5G | M10: 28 | N10: =M10+1 -> 29
A11: 8 | B11: TB TH TV360 MHN Phát triển mới | C11: =VLOOKUP($B$2,'TH NV'!$A$5:$BG$18,'điểm NV'!M11,0) -> 9 | D11: =VLOOKUP($B$2,'TH NV'!$A$5:$BG$18,N11,0) -> 10 | E11: =D11/C11 -> 1.1111111 | F11: =MAX(E11,0) -> 1.1111111 | G11: 5 | H11: =G11*1.2 -> 6 | I11: =IF(F11>=1.2,G11*1.2,F11*G11) -> 5.5555556 | J11: =C11-D11 -> -1 | L11: Thuê bao standard | M11: 32 | N11: =M11+1 -> 33
A12: 9 | B12: Mybox | C12: =VLOOKUP($B$2,'TH NV'!$A$5:$BG$18,'điểm NV'!M16,0) -> 1 | D12: =VLOOKUP($B$2,'TH NV'!$A$5:$BG$18,N16,0) -> 1 | F12: =MAX(E12,0) -> 0 | G12: 1 | H12: =G12*1.2 -> 1.2 | I12: =IF(F12>=1.2,G12*1.2,F12*G12) -> 0 | J12: =C12-D12 -> 0 | L12: Rời mạng THS | M12: 36 | N12: =M12+1 -> 37
A13: 10 | B13: Sản lượng Thuê bao IOT HGĐ | C13: =VLOOKUP($B$2,'TH NV'!$A$5:$BG$18,'điểm NV'!M6,0)+VLOOKUP($B$2,'TH NV'!$A$5:$BG$18,'điểm NV'!M17,0) -> 5 | D13: =VLOOKUP($B$2,'TH NV'!$A$5:$BG$18,N6,0)+VLOOKUP($B$2,'TH NV'!$A$5:$BG$18,N17,0) -> 2 | E13: =D13/C13 -> 0.4 | F13: =MAX(E13,0) -> 0.4 | G13: 10 | H13: =G13*1.2 -> 12 | I13: =IF(F13>=1.2,G13*1.2,F13*G13) -> 4 | J13: =C13-D13 -> 3 | L13: Rời mạng FTTH | M13: 40 | N13: =M13+1 -> 41
A14: 11 | B14: Tỷ lệ thu cước trả sau N1-N3 | C14: 0.97 | D14: =VLOOKUP($B$2,'TH NV'!$A$5:$BG$18,N14,0) -> 0.9325 | E14: =VLOOKUP($B$2,'TH NV'!$A$1:$BG$18,70,0) -> #REF! | F14: =IF(D14<94.5%,0,IF(D14<95.54%,50%,IF(D14<C14,80%,100%+(30%*(D14-C14)/3.66%)))) -> 0 | G14: 10 | H14: =G14*1.3 -> 13 | I14: =IF(F14>=1.3,G14*1.3,F14*G14) -> 0 | J14: =C14-D14 -> 0.0375 | L14: Cước N1- N3 | N14: 45
B15: Tô vàng 130% | C15: Tổng Điểm hoàn thành | I15: =SUM(I4:I14) -> 64.555556 | L15: Khôi phục THS | M15: 48 | N15: =M15+1 -> 49
L16: Thuê Bao mybox | M16: 52 | N16: =M16+1 -> 53
L17: MYKID | M17: 56 | N17: =M17+1 -> 57

Sheet tiến độ
D1: Dịch vụ cố định | T1: Dịch vụ di động | AJ1: CHỈ TIÊU CƯỚC - CSKH | AV1: CHƯƠNG TRÌNH TRỌNG ĐIỂM
D2: TB FTTH phát triển mới | H2: Supernet PTM | L2: Camera Đấu nối và bán đứt mua icloud | P2: THS Đôi dây PTM | T2: Thuê Bao trả sau | X2: Thuê bao thực 4G | AB2: Thuê bao 5G | AF2: Thuê bao standard | AJ2: Rời mạng THS | AN2: Rời mạng FTTH | AR2: Cước N1- N3 | AV2: Khôi phục THS | AZ2: Thuê Bao mybox | BD2: MYKID
B3: USER CNKD | C3: NV Quản Lý | D3: KH | E3: TH | F3: % | G3: Thiếu | H3: KH | I3: TH | J3: % | K3: Thiếu | L3: KH | M3: TH | N3: % | O3: Thiếu | P3: KH | Q3: TH | R3: % | S3: Thiếu | T3: KH | U3: TH | V3: % | W3: Thiếu | X3: KH | Y3: TH | Z3: % | AA3: Thiếu | AB3: KH | AC3: TH | AD3: % | AE3: Thiếu | AF3: KH | AG3: TH | AH3: % | AI3: Thiếu | AJ3: KH | AK3: TH | AL3: % | AM3: còn được | AN3: KH | AO3: TH | AP3: % | AQ3: còn được | AR3: KH | AS3: TH | AT3: ĐẠT | AU3: thiếu | AV3: KH | AW3: TH | AX3: % | AY3: Thiếu | AZ3: KH | BA3: TH | BB3: % | BC3: Thiếu | BD3: KH | BE3: TH | BF3: % | BG3: Thiếu
A4: CNKD_LDG_ANLT | B4: ANLT_LDG_CNKD | C4: VIETDQ9_NVKDDB_LDG | D4: =VLOOKUP(A4,'Giao CT'!$D$6:$S$20,3,0) -> 8 | E4: =VLOOKUP(A4,GBOC!$E$7:$DG$29,$B$21,0) -> 8 | F4: =IFERROR(E4/D4,0) -> 1 | G4: =D4-E4 -> 0 | H4: =VLOOKUP(A4,'Giao CT'!$D$6:$S$20,4,0) -> 4 | I4: =VLOOKUP(A4,GBOC!$E$7:$DG$29,$B$22,0) -> 6 | J4: =IFERROR(I4/H4,0) -> 1.5 | K4: =H4-I4 -> -2 | L4: =VLOOKUP(A4,'Giao CT'!$D$6:$S$20,5,0) -> 5 | M4: =VLOOKUP(A4,GBOC!$E$7:$DG$29,$B$23,0) -> 5 | N4: =IFERROR(M4/L4,0) -> 1 | O4: =L4-M4 -> 0 | P4: =VLOOKUP(A4,'Giao CT'!$D$6:$S$20,6,0) -> 5 | Q4: =VLOOKUP(A4,GBOC!$E$7:$DG$29,$B$24,0) -> 6 | R4: =IFERROR(Q4/P4,0) -> 1.2 | S4: =P4-Q4 -> -1 | T4: =VLOOKUP(A4,'Giao CT'!$D$6:$S$20,7,0) -> 4 | U4: =VLOOKUP(A4,GBOC!$E$7:$DG$29,$B$25,0) -> 4 | V4: =IFERROR(U4/T4,0) -> 1 | W4: =T4-U4 -> 0 | X4: =VLOOKUP(A4,'Giao CT'!$D$6:$S$20,8,0) -> 1 | Y4: =VLOOKUP(A4,GBOC!$E$7:$DG$29,$B$26,0) -> 1 | Z4: =IFERROR(Y4/X4,0) -> 1 | AA4: =X4-Y4 -> 0 | AB4: =VLOOKUP(A4,'Giao CT'!$D$6:$S$20,9,0) -> 30 | AC4: =VLOOKUP(A4,GBOC!$E$7:$DG$29,$B$27,0) -> 33 | AD4: =IFERROR(AC4/AB4,0) -> 1.1 | AE4: =AB4-AC4 -> -3 | AF4: =VLOOKUP(A4,'Giao CT'!$D$6:$S$20,10,0) -> 9 | AG4: =VLOOKUP(A4,GBOC!$E$7:$DG$29,$B$28,0) -> 12 | AH4: =IFERROR(AG4/AF4,0) -> 1.3333333 | AI4: =AF4-AG4 -> -3 | AJ4: =VLOOKUP(A4,'Giao CT'!$D$6:$S$20,11,0) -> 4 | AK4: =VLOOKUP(B4,'TH NV'!$B$5:$BG$18,36,0) -> 2 | AL4: =200%-IFERROR(AK4/AJ4,0) -> 1.5 | AM4: =MAX(AL4,0) -> 1.5 | AN4: =VLOOKUP(A4,'Giao CT'!$D$6:$S$20,12,0) -> 5 | AO4: =VLOOKUP(A4,GBOC!$E$7:$DG$29,$B$30,0) -> 3 | AP4: =200%-IFERROR(AO4/AN4,0) -> 1.4 | AQ4: =MAX(AP4,0) -> 1.4 | AR4: 0.97 | AS4: =(VLOOKUP(B4,cuoc!$B$7:$P$27,14,0))*1% -> 0.9641 | AT4: =IF(AS4<94.5%,0,IF(AS4<95.54%,50%,IF(AS4<AR4,80%,100%+(30%*(AS4-AR4)/3.39%)))) -> 0.8 | AU4: =AR4-AS4 -> 0.0059 | AV4: =VLOOKUP(A4,'Giao CT'!$D$6:$S$20,14,0) -> 2 | AW4: =VLOOKUP(A4,GBOC!$E$7:$DG$29,$B$32,0) -> 0 | AX4: =AW4/AV4 -> 0 | AY4: =AV4-AW4 -> 2 | AZ4: =VLOOKUP(A4,'Giao CT'!$D$6:$S$20,15,0) -> 1 | BA4: =VLOOKUP(A4,GBOC!$E$7:$DG$29,$B$33,0) -> 1 | BB4: =IFERROR(BA4/AZ4,1) -> 1 | BC4: =AZ4-BA4 -> 0 | BD4: =VLOOKUP(A4,'Giao CT'!$D$6:$S$20,16,0) -> 0 | BE4: =VLOOKUP(A4,GBOC!$E$7:$DG$29,$B$34,0) -> 0 | BF4: =IFERROR(BE4/BD4,1) -> 1 | BG4: =BD4-BE4 -> 0
A5: CNKD_LDG_LINHPM | B5: LINHPM_LDG_CNKD | C5: VIETDQ9_NVKDDB_LDG | D5: =VLOOKUP(A5,'Giao CT'!$D$6:$S$20,3,0) -> 8 | E5: =VLOOKUP(A5,GBOC!$E$7:$DG$29,$B$21,0) -> 8 | F5: =IFERROR(E5/D5,0) -> 1 | G5: =D5-E5 -> 0 | H5: =VLOOKUP(A5,'Giao CT'!$D$6:$S$20,4,0) -> 4 | I5: =VLOOKUP(A5,GBOC!$E$7:$DG$29,$B$22,0) -> 5 | J5: =IFERROR(I5/H5,0) -> 1.25 | K5: =H5-I5 -> -1 | L5: =VLOOKUP(A5,'Giao CT'!$D$6:$S$20,5,0) -> 5 | M5: =VLOOKUP(A5,GBOC!$E$7:$DG$29,$B$23,0) -> 4 | N5: =IFERROR(M5/L5,0) -> 0.8 | O5: =L5-M5 -> 1 | P5: =VLOOKUP(A5,'Giao CT'!$D$6:$S$20,6,0) -> 5 | Q5: =VLOOKUP(A5,GBOC!$E$7:$DG$29,$B$24,0) -> 1 | R5: =IFERROR(Q5/P5,0) -> 0.2 | S5: =P5-Q5 -> 4 | T5: =VLOOKUP(A5,'Giao CT'!$D$6:$S$20,7,0) -> 4 | U5: =VLOOKUP(A5,GBOC!$E$7:$DG$29,$B$25,0) -> 5 | V5: =IFERROR(U5/T5,0) -> 1.25 | W5: =T5-U5 -> -1 | X5: =VLOOKUP(A5,'Giao CT'!$D$6:$S$20,8,0) -> 1 | Y5: =VLOOKUP(A5,GBOC!$E$7:$DG$29,$B$26,0) -> 1 | Z5: =IFERROR(Y5/X5,0) -> 1 | AA5: =X5-Y5 -> 0 | AB5: =VLOOKUP(A5,'Giao CT'!$D$6:$S$20,9,0) -> 50 | AC5: =VLOOKUP(A5,GBOC!$E$7:$DG$29,$B$27,0) -> 71 | AD5: =IFERROR(AC5/AB5,0) -> 1.42 | AE5: =AB5-AC5 -> -21 | AF5: =VLOOKUP(A5,'Giao CT'!$D$6:$S$20,10,0) -> 9 | AG5: =VLOOKUP(A5,GBOC!$E$7:$DG$29,$B$28,0) -> 11 | AH5: =IFERROR(AG5/AF5,0) -> 1.2222222 | AI5: =AF5-AG5 -> -2 | AJ5: =VLOOKUP(A5,'Giao CT'!$D$6:$S$20,11,0) -> 4 | AK5: =VLOOKUP(B5,'TH NV'!$B$5:$BG$18,36,0) -> 19 | AL5: =200%-IFERROR(AK5/AJ5,0) -> -2.75 | AM5: =MAX(AL5,0) -> 0 | AN5: =VLOOKUP(A5,'Giao CT'!$D$6:$S$20,12,0) -> 5 | AO5: =VLOOKUP(A5,GBOC!$E$7:$DG$29,$B$30,0) -> 2 | AP5: =200%-IFERROR(AO5/AN5,0) -> 1.6 | AQ5: =MAX(AP5,0) -> 1.6 | AR5: 0.97 | AS5: =(VLOOKUP(B5,cuoc!$B$7:$P$27,14,0))*1% -> 0.959 | AT5: =IF(AS5<94.5%,0,IF(AS5<95.54%,50%,IF(AS5<AR5,80%,100%+(30%*(AS5-AR5)/3.39%)))) -> 0.8 | AU5: =AR5-AS5 -> 0.011 | AV5: =VLOOKUP(A5,'Giao CT'!$D$6:$S$20,14,0) -> 2 | AW5: =VLOOKUP(A5,GBOC!$E$7:$DG$29,$B$32,0) -> 0 | AX5: =AW5/AV5 -> 0 | AY5: =AV5-AW5 -> 2 | AZ5: =VLOOKUP(A5,'Giao CT'!$D$6:$S$20,15,0) -> 1 | BA5: =VLOOKUP(A5,GBOC!$E$7:$DG$29,$B$33,0) -> 2 | BB5: =IFERROR(BA5/AZ5,1) -> 2 | BC5: =AZ5-BA5 -> -1 | BD5: =VLOOKUP(A5,'Giao CT'!$D$6:$S$20,16,0) -> 1 | BE5: =VLOOKUP(A5,GBOC!$E$7:$DG$29,$B$34,0) -> 0 | BF5: =IFERROR(BE5/BD5,1) -> 0 | BG5: =BD5-BE5 -> 1
A6: CNKD_LDG_NHUANVD | B6: NHUANVD_LDG_CNKD | C6: VIETDQ9_NVKDDB_LDG | D6: =VLOOKUP(A6,'Giao CT'!$D$6:$S$20,3,0) -> 8 | E6: =VLOOKUP(A6,GBOC!$E$7:$DG$29,$B$21,0) -> 10 | F6: =IFERROR(E6/D6,0) -> 1.25 | G6: =D6-E6 -> -2 | H6: =VLOOKUP(A6,'Giao CT'!$D$6:$S$20,4,0) -> 4 | I6: =VLOOKUP(A6,GBOC!$E$7:$DG$29,$B$22,0) -> 4 | J6: =IFERROR(I6/H6,0) -> 1 | K6: =H6-I6 -> 0 | L6: =VLOOKUP(A6,'Giao CT'!$D$6:$S$20,5,0) -> 5 | M6: =VLOOKUP(A6,GBOC!$E$7:$DG$29,$B$23,0) -> 3 | N6: =IFERROR(M6/L6,0) -> 0.6 | O6: =L6-M6 -> 2 | P6: =VLOOKUP(A6,'Giao CT'!$D$6:$S$20,6,0) -> 5 | Q6: =VLOOKUP(A6,GBOC!$E$7:$DG$29,$B$24,0) -> 6 | R6: =IFERROR(Q6/P6,0) -> 1.2 | S6: =P6-Q6 -> -1 | T6: =VLOOKUP(A6,'Giao CT'!$D$6:$S$20,7,0) -> 3 | U6: =VLOOKUP(A6,GBOC!$E$7:$DG$29,$B$25,0) -> 4 | V6: =IFERROR(U6/T6,0) -> 1.3333333 | W6: =T6-U6 -> -1 | X6: =VLOOKUP(A6,'Giao CT'!$D$6:$S$20,8,0) -> 1 | Y6: =VLOOKUP(A6,GBOC!$E$7:$DG$29,$B$26,0) -> 1 | Z6: =IFERROR(Y6/X6,0) -> 1 | AA6: =X6-Y6 -> 0 | AB6: =VLOOKUP(A6,'Giao CT'!$D$6:$S$20,9,0) -> 30 | AC6: =VLOOKUP(A6,GBOC!$E$7:$DG$29,$B$27,0) -> 61 | AD6: =IFERROR(AC6/AB6,0) -> 2.0333333 | AE6: =AB6-AC6 -> -31 | AF6: =VLOOKUP(A6,'Giao CT'!$D$6:$S$20,10,0) -> 9 | AG6: =VLOOKUP(A6,GBOC!$E$7:$DG$29,$B$28,0) -> 11 | AH6: =IFERROR(AG6/AF6,0) -> 1.2222222 | AI6: =AF6-AG6 -> -2 | AJ6: =VLOOKUP(A6,'Giao CT'!$D$6:$S$20,11,0) -> 4 | AK6: =VLOOKUP(B6,'TH NV'!$B$5:$BG$18,36,0) -> 4 | AL6: =200%-IFERROR(AK6/AJ6,0) -> 1 | AM6: =MAX(AL6,0) -> 1 | AN6: =VLOOKUP(A6,'Giao CT'!$D$6:$S$20,12,0) -> 5 | AO6: =VLOOKUP(A6,GBOC!$E$7:$DG$29,$B$30,0) -> 2 | AP6: =200%-IFERROR(AO6/AN6,0) -> 1.6 | AQ6: =MAX(AP6,0) -> 1.6 | AR6: 0.97 | AS6: =(VLOOKUP(B6,cuoc!$B$7:$P$27,14,0))*1% -> 0.9592 | AT6: =IF(AS6<94.5%,0,IF(AS6<95.54%,50%,IF(AS6<AR6,80%,100%+(30%*(AS6-AR6)/3.39%)))) -> 0.8 | AU6: =AR6-AS6 -> 0.0108 | AV6: =VLOOKUP(A6,'Giao CT'!$D$6:$S$20,14,0) -> 3 | AW6: =VLOOKUP(A6,GBOC!$E$7:$DG$29,$B$32,0) -> 0 | AX6: =AW6/AV6 -> 0 | AY6: =AV6-AW6 -> 3 | AZ6: =VLOOKUP(A6,'Giao CT'!$D$6:$S$20,15,0) -> 1 | BA6: =VLOOKUP(A6,GBOC!$E$7:$DG$29,$B$33,0) -> 1 | BB6: =IFERROR(BA6/AZ6,1) -> 1 | BC6: =AZ6-BA6 -> 0 | BD6: =VLOOKUP(A6,'Giao CT'!$D$6:$S$20,16,0) -> 0 | BE6: =VLOOKUP(A6,GBOC!$E$7:$DG$29,$B$34,0) -> 0 | BF6: =IFERROR(BE6/BD6,1) -> 1 | BG6: =BD6-BE6 -> 0
A7: CNKD_LDG_SANGLT | B7: SANGLT_LDG_CNKD | C7: VIETDQ9_NVKDDB_LDG | D7: =VLOOKUP(A7,'Giao CT'!$D$6:$S$20,3,0) -> 8 | E7: =VLOOKUP(A7,GBOC!$E$7:$DG$29,$B$21,0) -> 8 | F7: =IFERROR(E7/D7,0) -> 1 | G7: =D7-E7 -> 0 | H7: =VLOOKUP(A7,'Giao CT'!$D$6:$S$20,4,0) -> 4 | I7: =VLOOKUP(A7,GBOC!$E$7:$DG$29,$B$22,0) -> 2 | J7: =IFERROR(I7/H7,0) -> 0.5 | K7: =H7-I7 -> 2 | L7: =VLOOKUP(A7,'Giao CT'!$D$6:$S$20,5,0) -> 5 | M7: =VLOOKUP(A7,GBOC!$E$7:$DG$29,$B$23,0) -> 2 | N7: =IFERROR(M7/L7,0) -> 0.4 | O7: =L7-M7 -> 3 | P7: =VLOOKUP(A7,'Giao CT'!$D$6:$S$20,6,0) -> 5 | Q7: =VLOOKUP(A7,GBOC!$E$7:$DG$29,$B$24,0) -> 3 | R7: =IFERROR(Q7/P7,0) -> 0.6 | S7: =P7-Q7 -> 2 | T7: =VLOOKUP(A7,'Giao CT'!$D$6:$S$20,7,0) -> 3 | U7: =VLOOKUP(A7,GBOC!$E$7:$DG$29,$B$25,0) -> 2 | V7: =IFERROR(U7/T7,0) -> 0.66666667 | W7: =T7-U7 -> 1 | X7: =VLOOKUP(A7,'Giao CT'!$D$6:$S$20,8,0) -> 1 | Y7: =VLOOKUP(A7,GBOC!$E$7:$DG$29,$B$26,0) -> 1 | Z7: =IFERROR(Y7/X7,0) -> 1 | AA7: =X7-Y7 -> 0 | AB7: =VLOOKUP(A7,'Giao CT'!$D$6:$S$20,9,0) -> 30 | AC7: =VLOOKUP(A7,GBOC!$E$7:$DG$29,$B$27,0) -> 13 | AD7: =IFERROR(AC7/AB7,0) -> 0.43333333 | AE7: =AB7-AC7 -> 17 | AF7: =VLOOKUP(A7,'Giao CT'!$D$6:$S$20,10,0) -> 9 | AG7: =VLOOKUP(A7,GBOC!$E$7:$DG$29,$B$28,0) -> 10 | AH7: =IFERROR(AG7/AF7,0) -> 1.1111111 | AI7: =AF7-AG7 -> -1 | AJ7: =VLOOKUP(A7,'Giao CT'!$D$6:$S$20,11,0) -> 4 | AK7: =VLOOKUP(B7,'TH NV'!$B$5:$BG$18,36,0) -> 4 | AL7: =200%-IFERROR(AK7/AJ7,0) -> 1 | AM7: =MAX(AL7,0) -> 1 | AN7: =VLOOKUP(A7,'Giao CT'!$D$6:$S$20,12,0) -> 5 | AO7: =VLOOKUP(A7,GBOC!$E$7:$DG$29,$B$30,0) -> 6 | AP7: =200%-IFERROR(AO7/AN7,0) -> 0.8 | AQ7: =MAX(AP7,0) -> 0.8 | AR7: 0.97 | AS7: =(VLOOKUP(B7,cuoc!$B$7:$P$27,14,0))*1% -> 0.9325 | AT7: =IF(AS7<94.5%,0,IF(AS7<95.54%,50%,IF(AS7<AR7,80%,100%+(30%*(AS7-AR7)/3.39%)))) -> 0 | AU7: =AR7-AS7 -> 0.0375 | AV7: =VLOOKUP(A7,'Giao CT'!$D$6:$S$20,14,0) -> 2 | AW7: =VLOOKUP(A7,GBOC!$E$7:$DG$29,$B$32,0) -> 0 | AX7: =AW7/AV7 -> 0 | AY7: =AV7-AW7 -> 2 | AZ7: =VLOOKUP(A7,'Giao CT'!$D$6:$S$20,15,0) -> 1 | BA7: =VLOOKUP(A7,GBOC!$E$7:$DG$29,$B$33,0) -> 1 | BB7: =IFERROR(BA7/AZ7,1) -> 1 | BC7: =AZ7-BA7 -> 0 | BD7: =VLOOKUP(A7,'Giao CT'!$D$6:$S$20,16,0) -> 0 | BE7: =VLOOKUP(A7,GBOC!$E$7:$DG$29,$B$34,0) -> 0 | BF7: =IFERROR(BE7/BD7,1) -> 1 | BG7: =BD7-BE7 -> 0
A8: CNKD_LDG_TAMDT | B8: TAMDT_LDG_CNKD | C8: VIETDQ9_NVKDDB_LDG | D8: =VLOOKUP(A8,'Giao CT'!$D$6:$S$20,3,0) -> 8 | E8: =VLOOKUP(A8,GBOC!$E$7:$DG$29,$B$21,0) -> 8 | F8: =IFERROR(E8/D8,0) -> 1 | G8: =D8-E8 -> 0 | H8: =VLOOKUP(A8,'Giao CT'!$D$6:$S$20,4,0) -> 4 | I8: =VLOOKUP(A8,GBOC!$E$7:$DG$29,$B$22,0) -> 6 | J8: =IFERROR(I8/H8,0) -> 1.5 | K8: =H8-I8 -> -2 | L8: =VLOOKUP(A8,'Giao CT'!$D$6:$S$20,5,0) -> 5 | M8: =VLOOKUP(A8,GBOC!$E$7:$DG$29,$B$23,0) -> 3 | N8: =IFERROR(M8/L8,0) -> 0.6 | O8: =L8-M8 -> 2 | P8: =VLOOKUP(A8,'Giao CT'!$D$6:$S$20,6,0) -> 5 | Q8: =VLOOKUP(A8,GBOC!$E$7:$DG$29,$B$24,0) -> 4 | R8: =IFERROR(Q8/P8,0) -> 0.8 | S8: =P8-Q8 -> 1 | T8: =VLOOKUP(A8,'Giao CT'!$D$6:$S$20,7,0) -> 4 | U8: =VLOOKUP(A8,GBOC!$E$7:$DG$29,$B$25,0) -> 4 | V8: =IFERROR(U8/T8,0) -> 1 | W8: =T8-U8 -> 0 | X8: =VLOOKUP(A8,'Giao CT'!$D$6:$S$20,8,0) -> 1 | Y8: =VLOOKUP(A8,GBOC!$E$7:$DG$29,$B$26,0) -> 2 | Z8: =IFERROR(Y8/X8,0) -> 2 | AA8: =X8-Y8 -> -1 | AB8: =VLOOKUP(A8,'Giao CT'!$D$6:$S$20,9,0) -> 30 | AC8: =VLOOKUP(A8,GBOC!$E$7:$DG$29,$B$27,0) -> 73 | AD8: =IFERROR(AC8/AB8,0) -> 2.4333333 | AE8: =AB8-AC8 -> -43 | AF8: =VLOOKUP(A8,'Giao CT'!$D$6:$S$20,10,0) -> 9 | AG8: =VLOOKUP(A8,GBOC!$E$7:$DG$29,$B$28,0) -> 12 | AH8: =IFERROR(AG8/AF8,0) -> 1.3333333 | AI8: =AF8-AG8 -> -3 | AJ8: =VLOOKUP(A8,'Giao CT'!$D$6:$S$20,11,0) -> 4 | AK8: =VLOOKUP(B8,'TH NV'!$B$5:$BG$18,36,0) -> 4 | AL8: =200%-IFERROR(AK8/AJ8,0) -> 1 | AM8: =MAX(AL8,0) -> 1 | AN8: =VLOOKUP(A8,'Giao CT'!$D$6:$S$20,12,0) -> 5 | AO8: =VLOOKUP(A8,GBOC!$E$7:$DG$29,$B$30,0) -> 3 | AP8: =200%-IFERROR(AO8/AN8,0) -> 1.4 | AQ8: =MAX(AP8,0) -> 1.4 | AR8: 0.97 | AS8: =(VLOOKUP(B8,cuoc!$B$7:$P$27,14,0))*1% -> 0.9585 | AT8: =IF(AS8<94.5%,0,IF(AS8<95.54%,50%,IF(AS8<AR8,80%,100%+(30%*(AS8-AR8)/3.39%)))) -> 0.8 | AU8: =AR8-AS8 -> 0.0115 | AV8: =VLOOKUP(A8,'Giao CT'!$D$6:$S$20,14,0) -> 3 | AW8: =VLOOKUP(A8,GBOC!$E$7:$DG$29,$B$32,0) -> 0 | AX8: =AW8/AV8 -> 0 | AY8: =AV8-AW8 -> 3 | AZ8: =VLOOKUP(A8,'Giao CT'!$D$6:$S$20,15,0) -> 1 | BA8: =VLOOKUP(A8,GBOC!$E$7:$DG$29,$B$33,0) -> 2 | BB8: =IFERROR(BA8/AZ8,1) -> 2 | BC8: =AZ8-BA8 -> -1 | BD8: =VLOOKUP(A8,'Giao CT'!$D$6:$S$20,16,0) -> 0 | BE8: =VLOOKUP(A8,GBOC!$E$7:$DG$29,$B$34,0) -> 2 | BF8: =IFERROR(BE8/BD8,1) -> 1 | BG8: =BD8-BE8 -> -2
A10: CNKD_LDG_HANGBT | B10: HANGBT_LDG_CNKD | C10: SONTV10_NVKDDB_LDG | D10: =VLOOKUP(A10,'Giao CT'!$D$6:$S$20,3,0) -> 7 | E10: =VLOOKUP(A10,GBOC!$E$7:$DG$29,$B$21,0) -> 13 | F10: =IFERROR(E10/D10,0) -> 1.8571429 | G10: =D10-E10 -> -6 | H10: =VLOOKUP(A10,'Giao CT'!$D$6:$S$20,4,0) -> 4 | I10: =VLOOKUP(A10,GBOC!$E$7:$DG$29,$B$22,0) -> 5 | J10: =IFERROR(I10/H10,0) -> 1.25 | K10: =H10-I10 -> -1 | L10: =VLOOKUP(A10,'Giao CT'!$D$6:$S$20,5,0) -> 5 | M10: =VLOOKUP(A10,GBOC!$E$7:$DG$29,$B$23,0) -> 5 | N10: =IFERROR(M10/L10,0) -> 1 | O10: =L10-M10 -> 0 | P10: =VLOOKUP(A10,'Giao CT'!$D$6:$S$20,6,0) -> 4 | Q10: =VLOOKUP(A10,GBOC!$E$7:$DG$29,$B$24,0) -> 7 | R10: =IFERROR(Q10/P10,0) -> 1.75 | S10: =P10-Q10 -> -3 | T10: =VLOOKUP(A10,'Giao CT'!$D$6:$S$20,7,0) -> 4 | U10: =VLOOKUP(A10,GBOC!$E$7:$DG$29,$B$25,0) -> 4 | V10: =IFERROR(U10/T10,0) -> 1 | W10: =T10-U10 -> 0 | X10: =VLOOKUP(A10,'Giao CT'!$D$6:$S$20,8,0) -> 1 | Y10: =VLOOKUP(A10,GBOC!$E$7:$DG$29,$B$26,0) -> 6 | Z10: =IFERROR(Y10/X10,0) -> 6 | AA10: =X10-Y10 -> -5 | AB10: =VLOOKUP(A10,'Giao CT'!$D$6:$S$20,9,0) -> 30 | AC10: =VLOOKUP(A10,GBOC!$E$7:$DG$29,$B$27,0) -> 71 | AD10: =IFERROR(AC10/AB10,0) -> 2.3666667 | AE10: =AB10-AC10 -> -41 | AF10: =VLOOKUP(A10,'Giao CT'!$D$6:$S$20,10,0) -> 8 | AG10: =VLOOKUP(A10,GBOC!$E$7:$DG$29,$B$28,0) -> 10 | AH10: =IFERROR(AG10/AF10,0) -> 1.25 | AI10: =AF10-AG10 -> -2 | AJ10: =VLOOKUP(A10,'Giao CT'!$D$6:$S$20,11,0) -> 4 | AK10: =VLOOKUP(B10,'TH NV'!$B$5:$BG$18,36,0) -> 9 | AL10: =200%-IFERROR(AK10/AJ10,0) -> -0.25 | AM10: =MAX(AL10,0) -> 0 | AN10: =VLOOKUP(A10,'Giao CT'!$D$6:$S$20,12,0) -> 5 | AO10: =VLOOKUP(A10,GBOC!$E$7:$DG$29,$B$30,0) -> 5 | AP10: =200%-IFERROR(AO10/AN10,0) -> 1 | AQ10: =MAX(AP10,0) -> 1 | AR10: 0.97 | AS10: =(VLOOKUP(B10,cuoc!$B$7:$P$27,14,0))*1% -> 0.9605 | AT10: =IF(AS10<94.5%,0,IF(AS10<95.54%,50%,IF(AS10<AR10,80%,100%+(30%*(AS10-AR10)/3.39%)))) -> 0.8 | AU10: =AR10-AS10 -> 0.0095 | AV10: =VLOOKUP(A10,'Giao CT'!$D$6:$S$20,14,0) -> 3 | AW10: =VLOOKUP(A10,GBOC!$E$7:$DG$29,$B$32,0) -> 0 | AX10: =AW10/AV10 -> 0 | AY10: =AV10-AW10 -> 3 | AZ10: =VLOOKUP(A10,'Giao CT'!$D$6:$S$20,15,0) -> 1 | BA10: =VLOOKUP(A10,GBOC!$E$7:$DG$29,$B$33,0) -> 1 | BB10: =IFERROR(BA10/AZ10,1) -> 1 | BC10: =AZ10-BA10 -> 0 | BD10: =VLOOKUP(A10,'Giao CT'!$D$6:$S$20,16,0) -> 1 | BE10: =VLOOKUP(A10,GBOC!$E$7:$DG$29,$B$34,0) -> 0 | BF10: =IFERROR(BE10/BD10,1) -> 0 | BG10: =BD10-BE10 -> 1
A11: CNKD_LDG_HIEUBT | B11: HIEUBT_LDG_CNKD | C11: SONTV10_NVKDDB_LDG | D11: =VLOOKUP(A11,'Giao CT'!$D$6:$S$20,3,0) -> 7 | E11: =VLOOKUP(A11,GBOC!$E$7:$DG$29,$B$21,0) -> 12 | F11: =IFERROR(E11/D11,0) -> 1.7142857 | G11: =D11-E11 -> -5 | H11: =VLOOKUP(A11,'Giao CT'!$D$6:$S$20,4,0) -> 4 | I11: =VLOOKUP(A11,GBOC!$E$7:$DG$29,$B$22,0) -> 4 | J11: =IFERROR(I11/H11,0) -> 1 | K11: =H11-I11 -> 0 | L11: =VLOOKUP(A11,'Giao CT'!$D$6:$S$20,5,0) -> 5 | M11: =VLOOKUP(A11,GBOC!$E$7:$DG$29,$B$23,0) -> 5 | N11: =IFERROR(M11/L11,0) -> 1 | O11: =L11-M11 -> 0 | P11: =VLOOKUP(A11,'Giao CT'!$D$6:$S$20,6,0) -> 4 | Q11: =VLOOKUP(A11,GBOC!$E$7:$DG$29,$B$24,0) -> 4 | R11: =IFERROR(Q11/P11,0) -> 1 | S11: =P11-Q11 -> 0 | T11: =VLOOKUP(A11,'Giao CT'!$D$6:$S$20,7,0) -> 3 | U11: =VLOOKUP(A11,GBOC!$E$7:$DG$29,$B$25,0) -> 5 | V11: =IFERROR(U11/T11,0) -> 1.6666667 | W11: =T11-U11 -> -2 | X11: =VLOOKUP(A11,'Giao CT'!$D$6:$S$20,8,0) -> 1 | Y11: =VLOOKUP(A11,GBOC!$E$7:$DG$29,$B$26,0) -> 3 | Z11: =IFERROR(Y11/X11,0) -> 3 | AA11: =X11-Y11 -> -2 | AB11: =VLOOKUP(A11,'Giao CT'!$D$6:$S$20,9,0) -> 30 | AC11: =VLOOKUP(A11,GBOC!$E$7:$DG$29,$B$27,0) -> 30 | AD11: =IFERROR(AC11/AB11,0) -> 1 | AE11: =AB11-AC11 -> 0 | AF11: =VLOOKUP(A11,'Giao CT'!$D$6:$S$20,10,0) -> 8 | AG11: =VLOOKUP(A11,GBOC!$E$7:$DG$29,$B$28,0) -> 12 | AH11: =IFERROR(AG11/AF11,0) -> 1.5 | AI11: =AF11-AG11 -> -4 | AJ11: =VLOOKUP(A11,'Giao CT'!$D$6:$S$20,11,0) -> 4 | AK11: =VLOOKUP(B11,'TH NV'!$B$5:$BG$18,36,0) -> 0 | AL11: =200%-IFERROR(AK11/AJ11,0) -> 2 | AM11: =MAX(AL11,0) -> 2 | AN11: =VLOOKUP(A11,'Giao CT'!$D$6:$S$20,12,0) -> 5 | AO11: =VLOOKUP(A11,GBOC!$E$7:$DG$29,$B$30,0) -> 3 | AP11: =200%-IFERROR(AO11/AN11,0) -> 1.4 | AQ11: =MAX(AP11,0) -> 1.4 | AR11: 0.97 | AS11: =(VLOOKUP(B11,cuoc!$B$7:$P$27,14,0))*1% -> 0.9673 | AT11: =IF(AS11<94.5%,0,IF(AS11<95.54%,50%,IF(AS11<AR11,80%,100%+(30%*(AS11-AR11)/3.39%)))) -> 0.8 | AU11: =AR11-AS11 -> 0.0027 | AV11: =VLOOKUP(A11,'Giao CT'!$D$6:$S$20,14,0) -> 3 | AW11: =VLOOKUP(A11,GBOC!$E$7:$DG$29,$B$32,0) -> 1 | AX11: =AW11/AV11 -> 0.33333333 | AY11: =AV11-AW11 -> 2 | AZ11: =VLOOKUP(A11,'Giao CT'!$D$6:$S$20,15,0) -> 1 | BA11: =VLOOKUP(A11,GBOC!$E$7:$DG$29,$B$33,0) -> 1 | BB11: =IFERROR(BA11/AZ11,1) -> 1 | BC11: =AZ11-BA11 -> 0 | BD11: =VLOOKUP(A11,'Giao CT'!$D$6:$S$20,16,0) -> 0 | BE11: =VLOOKUP(A11,GBOC!$E$7:$DG$29,$B$34,0) -> 0 | BF11: =IFERROR(BE11/BD11,1) -> 1 | BG11: =BD11-BE11 -> 0
A12: CNKD_LDG_HUNGTV1 | B12: HUNGTV1_LDG_CNKD | C12: SONTV10_NVKDDB_LDG | D12: =VLOOKUP(A12,'Giao CT'!$D$6:$S$20,3,0) -> 7 | E12: =VLOOKUP(A12,GBOC!$E$7:$DG$29,$B$21,0) -> 5 | F12: =IFERROR(E12/D12,0) -> 0.71428571 | G12: =D12-E12 -> 2 | H12: =VLOOKUP(A12,'Giao CT'!$D$6:$S$20,4,0) -> 3 | I12: =VLOOKUP(A12,GBOC!$E$7:$DG$29,$B$22,0) -> 4 | J12: =IFERROR(I12/H12,0) -> 1.3333333 | K12: =H12-I12 -> -1 | L12: =VLOOKUP(A12,'Giao CT'!$D$6:$S$20,5,0) -> 4 | M12: =VLOOKUP(A12,GBOC!$E$7:$DG$29,$B$23,0) -> 2 | N12: =IFERROR(M12/L12,0) -> 0.5 | O12: =L12-M12 -> 2 | P12: =VLOOKUP(A12,'Giao CT'!$D$6:$S$20,6,0) -> 4 | Q12: =VLOOKUP(A12,GBOC!$E$7:$DG$29,$B$24,0) -> 3 | R12: =IFERROR(Q12/P12,0) -> 0.75 | S12: =P12-Q12 -> 1 | T12: =VLOOKUP(A12,'Giao CT'!$D$6:$S$20,7,0) -> 3 | U12: =VLOOKUP(A12,GBOC!$E$7:$DG$29,$B$25,0) -> 0 | V12: =IFERROR(U12/T12,0) -> 0 | W12: =T12-U12 -> 3 | X12: =VLOOKUP(A12,'Giao CT'!$D$6:$S$20,8,0) -> 1 | Y12: =VLOOKUP(A12,GBOC!$E$7:$DG$29,$B$26,0) -> 0 | Z12: =IFERROR(Y12/X12,0) -> 0 | AA12: =X12-Y12 -> 1 | AB12: =VLOOKUP(A12,'Giao CT'!$D$6:$S$20,9,0) -> 30 | AC12: =VLOOKUP(A12,GBOC!$E$7:$DG$29,$B$27,0) -> 9 | AD12: =IFERROR(AC12/AB12,0) -> 0.3 | AE12: =AB12-AC12 -> 21 | AF12: =VLOOKUP(A12,'Giao CT'!$D$6:$S$20,10,0) -> 8 | AG12: =VLOOKUP(A12,GBOC!$E$7:$DG$29,$B$28,0) -> 0 | AH12: =IFERROR(AG12/AF12,0) -> 0 | AI12: =AF12-AG12 -> 8 | AJ12: =VLOOKUP(A12,'Giao CT'!$D$6:$S$20,11,0) -> 4 | AK12: =VLOOKUP(B12,'TH NV'!$B$5:$BG$18,36,0) -> 5 | AL12: =200%-IFERROR(AK12/AJ12,0) -> 0.75 | AM12: =MAX(AL12,0) -> 0.75 | AN12: =VLOOKUP(A12,'Giao CT'!$D$6:$S$20,12,0) -> 3 | AO12: =VLOOKUP(A12,GBOC!$E$7:$DG$29,$B$30,0) -> 1 | AP12: =200%-IFERROR(AO12/AN12,0) -> 1.6666667 | AQ12: =MAX(AP12,0) -> 1.6666667 | AR12: 0.97 | AS12: =(VLOOKUP(B12,cuoc!$B$7:$P$27,14,0))*1% -> 0.9298 | AT12: =IF(AS12<94.5%,0,IF(AS12<95.54%,50%,IF(AS12<AR12,80%,100%+(30%*(AS12-AR12)/3.39%)))) -> 0 | AU12: =AR12-AS12 -> 0.0402 | AV12: =VLOOKUP(A12,'Giao CT'!$D$6:$S$20,14,0) -> 1 | AW12: =VLOOKUP(A12,GBOC!$E$7:$DG$29,$B$32,0) -> 0 | AX12: =AW12/AV12 -> 0 | AY12: =AV12-AW12 -> 1 | AZ12: =VLOOKUP(A12,'Giao CT'!$D$6:$S$20,15,0) -> 1 | BA12: =VLOOKUP(A12,GBOC!$E$7:$DG$29,$B$33,0) -> 0 | BB12: =IFERROR(BA12/AZ12,1) -> 0 | BC12: =AZ12-BA12 -> 1 | BD12: =VLOOKUP(A12,'Giao CT'!$D$6:$S$20,16,0) -> 0 | BE12: =VLOOKUP(A12,GBOC!$E$7:$DG$29,$B$34,0) -> 0 | BF12: =IFERROR(BE12/BD12,1) -> 1 | BG12: =BD12-BE12 -> 0
A13: CNKD_LDG_HUONGVTT | B13: HUONGVTT_LDG_CNKD | C13: SONTV10_NVKDDB_LDG | D13: =VLOOKUP(A13,'Giao CT'!$D$6:$S$20,3,0) -> 7 | E13: =VLOOKUP(A13,GBOC!$E$7:$DG$29,$B$21,0) -> 7 | F13: =IFERROR(E13/D13,0) -> 1 | G13: =D13-E13 -> 0 | H13: =VLOOKUP(A13,'Giao CT'!$D$6:$S$20,4,0) -> 3 | I13: =VLOOKUP(A13,GBOC!$E$7:$DG$29,$B$22,0) -> 3 | J13: =IFERROR(I13/H13,0) -> 1 | K13: =H13-I13 -> 0 | L13: =VLOOKUP(A13,'Giao CT'!$D$6:$S$20,5,0) -> 4 | M13: =VLOOKUP(A13,GBOC!$E$7:$DG$29,$B$23,0) -> 4 | N13: =IFERROR(M13/L13,0) -> 1 | O13: =L13-M13 -> 0 | P13: =VLOOKUP(A13,'Giao CT'!$D$6:$S$20,6,0) -> 4 | Q13: =VLOOKUP(A13,GBOC!$E$7:$DG$29,$B$24,0) -> 2 | R13: =IFERROR(Q13/P13,0) -> 0.5 | S13: =P13-Q13 -> 2 | T13: =VLOOKUP(A13,'Giao CT'!$D$6:$S$20,7,0) -> 3 | U13: =VLOOKUP(A13,GBOC!$E$7:$DG$29,$B$25,0) -> 4 | V13: =IFERROR(U13/T13,0) -> 1.3333333 | W13: =T13-U13 -> -1 | X13: =VLOOKUP(A13,'Giao CT'!$D$6:$S$20,8,0) -> 1 | Y13: =VLOOKUP(A13,GBOC!$E$7:$DG$29,$B$26,0) -> 3 | Z13: =IFERROR(Y13/X13,0) -> 3 | AA13: =X13-Y13 -> -2 | AB13: =VLOOKUP(A13,'Giao CT'!$D$6:$S$20,9,0) -> 30 | AC13: =VLOOKUP(A13,GBOC!$E$7:$DG$29,$B$27,0) -> 26 | AD13: =IFERROR(AC13/AB13,0) -> 0.86666667 | AE13: =AB13-AC13 -> 4 | AF13: =VLOOKUP(A13,'Giao CT'!$D$6:$S$20,10,0) -> 8 | AG13: =VLOOKUP(A13,GBOC!$E$7:$DG$29,$B$28,0) -> 3 | AH13: =IFERROR(AG13/AF13,0) -> 0.375 | AI13: =AF13-AG13 -> 5 | AJ13: =VLOOKUP(A13,'Giao CT'!$D$6:$S$20,11,0) -> 4 | AK13: =VLOOKUP(B13,'TH NV'!$B$5:$BG$18,36,0) -> 3 | AL13: =200%-IFERROR(AK13/AJ13,0) -> 1.25 | AM13: =MAX(AL13,0) -> 1.25 | AN13: =VLOOKUP(A13,'Giao CT'!$D$6:$S$20,12,0) -> 4 | AO13: =VLOOKUP(A13,GBOC!$E$7:$DG$29,$B$30,0) -> 1 | AP13: =200%-IFERROR(AO13/AN13,0) -> 1.75 | AQ13: =MAX(AP13,0) -> 1.75 | AR13: 0.97 | AS13: =(VLOOKUP(B13,cuoc!$B$7:$P$27,14,0))*1% -> 0.9724 | AT13: =IF(AS13<94.5%,0,IF(AS13<95.54%,50%,IF(AS13<AR13,80%,100%+(30%*(AS13-AR13)/3.39%)))) -> 1.0212389 | AU13: =AR13-AS13 -> -0.0024 | AV13: =VLOOKUP(A13,'Giao CT'!$D$6:$S$20,14,0) -> 1 | AW13: =VLOOKUP(A13,GBOC!$E$7:$DG$29,$B$32,0) -> 0 | AX13: =AW13/AV13 -> 0 | AY13: =AV13-AW13 -> 1 | AZ13: =VLOOKUP(A13,'Giao CT'!$D$6:$S$20,15,0) -> 1 | BA13: =VLOOKUP(A13,GBOC!$E$7:$DG$29,$B$33,0) -> 0 | BB13: =IFERROR(BA13/AZ13,1) -> 0 | BC13: =AZ13-BA13 -> 1 | BD13: =VLOOKUP(A13,'Giao CT'!$D$6:$S$20,16,0) -> 0 | BE13: =VLOOKUP(A13,GBOC!$E$7:$DG$29,$B$34,0) -> 0 | BF13: =IFERROR(BE13/BD13,1) -> 1 | BG13: =BD13-BE13 -> 0
A14: CNKD_LDG_PHUONGNTT1 | B14: PHUONGNTT1_LDG_CNKD | C14: SONTV10_NVKDDB_LDG | D14: =VLOOKUP(A14,'Giao CT'!$D$6:$S$20,3,0) -> 7 | E14: =VLOOKUP(A14,GBOC!$E$7:$DG$29,$B$21,0) -> 7 | F14: =IFERROR(E14/D14,0) -> 1 | G14: =D14-E14 -> 0 | H14: =VLOOKUP(A14,'Giao CT'!$D$6:$S$20,4,0) -> 4 | I14: =VLOOKUP(A14,GBOC!$E$7:$DG$29,$B$22,0) -> 10 | J14: =IFERROR(I14/H14,0) -> 2.5 | K14: =H14-I14 -> -6 | L14: =VLOOKUP(A14,'Giao CT'!$D$6:$S$20,5,0) -> 5 | M14: =VLOOKUP(A14,GBOC!$E$7:$DG$29,$B$23,0) -> 3 | N14: =IFERROR(M14/L14,0) -> 0.6 | O14: =L14-M14 -> 2 | P14: =VLOOKUP(A14,'Giao CT'!$D$6:$S$20,6,0) -> 4 | Q14: =VLOOKUP(A14,GBOC!$E$7:$DG$29,$B$24,0) -> 6 | R14: =IFERROR(Q14/P14,0) -> 1.5 | S14: =P14-Q14 -> -2 | T14: =VLOOKUP(A14,'Giao CT'!$D$6:$S$20,7,0) -> 4 | U14: =VLOOKUP(A14,GBOC!$E$7:$DG$29,$B$25,0) -> 8 | V14: =IFERROR(U14/T14,0) -> 2 | W14: =T14-U14 -> -4 | X14: =VLOOKUP(A14,'Giao CT'!$D$6:$S$20,8,0) -> 1 | Y14: =VLOOKUP(A14,GBOC!$E$7:$DG$29,$B$26,0) -> 12 | Z14: =IFERROR(Y14/X14,0) -> 12 | AA14: =X14-Y14 -> -11 | AB14: =VLOOKUP(A14,'Giao CT'!$D$6:$S$20,9,0) -> 30 | AC14: =VLOOKUP(A14,GBOC!$E$7:$DG$29,$B$27,0) -> 73 | AD14: =IFERROR(AC14/AB14,0) -> 2.4333333 | AE14: =AB14-AC14 -> -43 | AF14: =VLOOKUP(A14,'Giao CT'!$D$6:$S$20,10,0) -> 8 | AG14: =VLOOKUP(A14,GBOC!$E$7:$DG$29,$B$28,0) -> 8 | AH14: =IFERROR(AG14/AF14,0) -> 1 | AI14: =AF14-AG14 -> 0 | AJ14: =VLOOKUP(A14,'Giao CT'!$D$6:$S$20,11,0) -> 4 | AK14: =VLOOKUP(B14,'TH NV'!$B$5:$BG$18,36,0) -> 8 | AL14: =200%-IFERROR(AK14/AJ14,0) -> 0 | AM14: =MAX(AL14,0) -> 0 | AN14: =VLOOKUP(A14,'Giao CT'!$D$6:$S$20,12,0) -> 5 | AO14: =VLOOKUP(A14,GBOC!$E$7:$DG$29,$B$30,0) -> 5 | AP14: =200%-IFERROR(AO14/AN14,0) -> 1 | AQ14: =MAX(AP14,0) -> 1 | AR14: 0.97 | AS14: =(VLOOKUP(B14,cuoc!$B$7:$P$27,14,0))*1% -> 0.9605 | AT14: =IF(AS14<94.5%,0,IF(AS14<95.54%,50%,IF(AS14<AR14,80%,100%+(30%*(AS14-AR14)/3.39%)))) -> 0.8 | AU14: =AR14-AS14 -> 0.0095 | AV14: =VLOOKUP(A14,'Giao CT'!$D$6:$S$20,14,0) -> 3 | AW14: =VLOOKUP(A14,GBOC!$E$7:$DG$29,$B$32,0) -> 2 | AX14: =AW14/AV14 -> 0.66666667 | AY14: =AV14-AW14 -> 1 | AZ14: =VLOOKUP(A14,'Giao CT'!$D$6:$S$20,15,0) -> 1 | BA14: =VLOOKUP(A14,GBOC!$E$7:$DG$29,$B$33,0) -> 1 | BB14: =IFERROR(BA14/AZ14,1) -> 1 | BC14: =AZ14-BA14 -> 0 | BD14: =VLOOKUP(A14,'Giao CT'!$D$6:$S$20,16,0) -> 0 | BE14: =VLOOKUP(A14,GBOC!$E$7:$DG$29,$B$34,0) -> 2 | BF14: =IFERROR(BE14/BD14,1) -> 1 | BG14: =BD14-BE14 -> -2
A15: CNKD_LDG_SANGTV | B15: SANGTV_LDG_CNKD | C15: SONTV10_NVKDDB_LDG | D15: =VLOOKUP(A15,'Giao CT'!$D$6:$S$20,3,0) -> 7 | E15: =VLOOKUP(A15,GBOC!$E$7:$DG$29,$B$21,0) -> 7 | F15: =IFERROR(E15/D15,0) -> 1 | G15: =D15-E15 -> 0 | H15: =VLOOKUP(A15,'Giao CT'!$D$6:$S$20,4,0) -> 4 | I15: =VLOOKUP(A15,GBOC!$E$7:$DG$29,$B$22,0) -> 5 | J15: =IFERROR(I15/H15,0) -> 1.25 | K15: =H15-I15 -> -1 | L15: =VLOOKUP(A15,'Giao CT'!$D$6:$S$20,5,0) -> 5 | M15: =VLOOKUP(A15,GBOC!$E$7:$DG$29,$B$23,0) -> 4 | N15: =IFERROR(M15/L15,0) -> 0.8 | O15: =L15-M15 -> 1 | P15: =VLOOKUP(A15,'Giao CT'!$D$6:$S$20,6,0) -> 4 | Q15: =VLOOKUP(A15,GBOC!$E$7:$DG$29,$B$24,0) -> 3 | R15: =IFERROR(Q15/P15,0) -> 0.75 | S15: =P15-Q15 -> 1 | T15: =VLOOKUP(A15,'Giao CT'!$D$6:$S$20,7,0) -> 4 | U15: =VLOOKUP(A15,GBOC!$E$7:$DG$29,$B$25,0) -> 4 | V15: =IFERROR(U15/T15,0) -> 1 | W15: =T15-U15 -> 0 | X15: =VLOOKUP(A15,'Giao CT'!$D$6:$S$20,8,0) -> 1 | Y15: =VLOOKUP(A15,GBOC!$E$7:$DG$29,$B$26,0) -> 1 | Z15: =IFERROR(Y15/X15,0) -> 1 | AA15: =X15-Y15 -> 0 | AB15: =VLOOKUP(A15,'Giao CT'!$D$6:$S$20,9,0) -> 30 | AC15: =VLOOKUP(A15,GBOC!$E$7:$DG$29,$B$27,0) -> 52 | AD15: =IFERROR(AC15/AB15,0) -> 1.7333333 | AE15: =AB15-AC15 -> -22 | AF15: =VLOOKUP(A15,'Giao CT'!$D$6:$S$20,10,0) -> 8 | AG15: =VLOOKUP(A15,GBOC!$E$7:$DG$29,$B$28,0) -> 6 | AH15: =IFERROR(AG15/AF15,0) -> 0.75 | AI15: =AF15-AG15 -> 2 | AJ15: =VLOOKUP(A15,'Giao CT'!$D$6:$S$20,11,0) -> 4 | AK15: =VLOOKUP(B15,'TH NV'!$B$5:$BG$18,36,0) -> 4 | AL15: =200%-IFERROR(AK15/AJ15,0) -> 1 | AM15: =MAX(AL15,0) -> 1 | AN15: =VLOOKUP(A15,'Giao CT'!$D$6:$S$20,12,0) -> 4 | AO15: =VLOOKUP(A15,GBOC!$E$7:$DG$29,$B$30,0) -> 2 | AP15: =200%-IFERROR(AO15/AN15,0) -> 1.5 | AQ15: =MAX(AP15,0) -> 1.5 | AR15: 0.97 | AS15: =(VLOOKUP(B15,cuoc!$B$7:$P$27,14,0))*1% -> 0.9553 | AT15: =IF(AS15<94.5%,0,IF(AS15<95.54%,50%,IF(AS15<AR15,80%,100%+(30%*(AS15-AR15)/3.39%)))) -> 0.5 | AU15: =AR15-AS15 -> 0.0147 | AV15: =VLOOKUP(A15,'Giao CT'!$D$6:$S$20,14,0) -> 2 | AW15: =VLOOKUP(A15,GBOC!$E$7:$DG$29,$B$32,0) -> 0 | AX15: =AW15/AV15 -> 0 | AY15: =AV15-AW15 -> 2 | AZ15: =VLOOKUP(A15,'Giao CT'!$D$6:$S$20,15,0) -> 1 | BA15: =VLOOKUP(A15,GBOC!$E$7:$DG$29,$B$33,0) -> 3 | BB15: =IFERROR(BA15/AZ15,1) -> 3 | BC15: =AZ15-BA15 -> -2 | BD15: =VLOOKUP(A15,'Giao CT'!$D$6:$S$20,16,0) -> 0 | BE15: =VLOOKUP(A15,GBOC!$E$7:$DG$29,$B$34,0) -> 0 | BF15: =IFERROR(BE15/BD15,1) -> 1 | BG15: =BD15-BE15 -> 0
A16: CNKD_LDG_THUONGNTH | B16: THUONGNTH_LDG_CNKD | C16: SONTV10_NVKDDB_LDG | D16: =VLOOKUP(A16,'Giao CT'!$D$6:$S$20,3,0) -> 7 | E16: =VLOOKUP(A16,GBOC!$E$7:$DG$29,$B$21,0) -> 12 | F16: =IFERROR(E16/D16,0) -> 1.7142857 | G16: =D16-E16 -> -5 | H16: =VLOOKUP(A16,'Giao CT'!$D$6:$S$20,4,0) -> 4 | I16: =VLOOKUP(A16,GBOC!$E$7:$DG$29,$B$22,0) -> 6 | J16: =IFERROR(I16/H16,0) -> 1.5 | K16: =H16-I16 -> -2 | L16: =VLOOKUP(A16,'Giao CT'!$D$6:$S$20,5,0) -> 5 | M16: =VLOOKUP(A16,GBOC!$E$7:$DG$29,$B$23,0) -> 4 | N16: =IFERROR(M16/L16,0) -> 0.8 | O16: =L16-M16 -> 1 | P16: =VLOOKUP(A16,'Giao CT'!$D$6:$S$20,6,0) -> 4 | Q16: =VLOOKUP(A16,GBOC!$E$7:$DG$29,$B$24,0) -> 6 | R16: =IFERROR(Q16/P16,0) -> 1.5 | S16: =P16-Q16 -> -2 | T16: =VLOOKUP(A16,'Giao CT'!$D$6:$S$20,7,0) -> 4 | U16: =VLOOKUP(A16,GBOC!$E$7:$DG$29,$B$25,0) -> 9 | V16: =IFERROR(U16/T16,0) -> 2.25 | W16: =T16-U16 -> -5 | X16: =VLOOKUP(A16,'Giao CT'!$D$6:$S$20,8,0) -> 1 | Y16: =VLOOKUP(A16,GBOC!$E$7:$DG$29,$B$26,0) -> 26 | Z16: =IFERROR(Y16/X16,0) -> 26 | AA16: =X16-Y16 -> -25 | AB16: =VLOOKUP(A16,'Giao CT'!$D$6:$S$20,9,0) -> 60 | AC16: =VLOOKUP(A16,GBOC!$E$7:$DG$29,$B$27,0) -> 187 | AD16: =IFERROR(AC16/AB16,0) -> 3.1166667 | AE16: =AB16-AC16 -> -127 | AF16: =VLOOKUP(A16,'Giao CT'!$D$6:$S$20,10,0) -> 8 | AG16: =VLOOKUP(A16,GBOC!$E$7:$DG$29,$B$28,0) -> 22 | AH16: =IFERROR(AG16/AF16,0) -> 2.75 | AI16: =AF16-AG16 -> -14 | AJ16: =VLOOKUP(A16,'Giao CT'!$D$6:$S$20,11,0) -> 4 | AK16: =VLOOKUP(B16,'TH NV'!$B$5:$BG$18,36,0) -> 3 | AL16: =200%-IFERROR(AK16/AJ16,0) -> 1.25 | AM16: =MAX(AL16,0) -> 1.25 | AN16: =VLOOKUP(A16,'Giao CT'!$D$6:$S$20,12,0) -> 5 | AO16: =VLOOKUP(A16,GBOC!$E$7:$DG$29,$B$30,0) -> 3 | AP16: =200%-IFERROR(AO16/AN16,0) -> 1.4 | AQ16: =MAX(AP16,0) -> 1.4 | AR16: 0.97 | AS16: =(VLOOKUP(B16,cuoc!$B$7:$P$27,14,0))*1% -> 0.9638 | AT16: =IF(AS16<94.5%,0,IF(AS16<95.54%,50%,IF(AS16<AR16,80%,100%+(30%*(AS16-AR16)/3.39%)))) -> 0.8 | AU16: =AR16-AS16 -> 0.0062 | AV16: =VLOOKUP(A16,'Giao CT'!$D$6:$S$20,14,0) -> 3 | AW16: =VLOOKUP(A16,GBOC!$E$7:$DG$29,$B$32,0) -> 0 | AX16: =AW16/AV16 -> 0 | AY16: =AV16-AW16 -> 3 | AZ16: =VLOOKUP(A16,'Giao CT'!$D$6:$S$20,15,0) -> 1 | BA16: =VLOOKUP(A16,GBOC!$E$7:$DG$29,$B$33,0) -> 1 | BB16: =IFERROR(BA16/AZ16,1) -> 1 | BC16: =AZ16-BA16 -> 0 | BD16: =VLOOKUP(A16,'Giao CT'!$D$6:$S$20,16,0) -> 0 | BE16: =VLOOKUP(A16,GBOC!$E$7:$DG$29,$B$34,0) -> 2 | BF16: =IFERROR(BE16/BD16,1) -> 1 | BG16: =BD16-BE16 -> -2
B18: Tổng cước | C18: Đã Thu
A19: VIETDQ9_NVKDDB_LDG | B19: =SUMIF(cuoc!A7:P27,'tiến độ'!A19,cuoc!I7:I27) -> 643774867 | C19: =SUMIF(cuoc!A7:P27,'tiến độ'!A19,cuoc!M7:M27) -> 614147283 | D19: =B19*0.968-C19 -> 9026788.3
A20: SONTV10_NVKDDB_LDG | B20: =SUMIF(cuoc!A8:P27,'tiến độ'!A20,cuoc!I8:I27) -> 1081173353 | C20: =SUMIF(cuoc!A8:P27,'tiến độ'!A20,cuoc!M8:M27) -> 1037010444 | D20: =B20*0.968-C20 -> 9565361.7
A21: TB FTTH phát triển mới | B21: 7 | C21: =B21-2 -> 5
A22: Supernet PTM | B22: 15 | C22: =B22-2 -> 13
A23: Camera Đấu nối và bán đứt mua icloud | B23: 55 | C23: =B23-2 -> 53 | Q23: =13/18 -> 0.72222222
A24: THS Đôi dây PTM | B24: 87 | C24: =B24-2 -> 85
A25: Thuê Bao trả sau | B25: 95 | C25: =B25-2 -> 93
A26: Thuê bao thực 4G | B26: 103 | C26: =B26-2 -> 101
A27: Thuê bao 5G | B27: 47 | C27: =B27-2 -> 45
A28: Thuê bao standard | B28: 79 | C28: =B28-2 -> 77
A29: Rời mạng THS | B29: 39 | C29: =B29-2 -> 37
A30: Rời mạng FTTH | B30: 31 | C30: =B30-2 -> 29
A31: Cước N1- N3
A32: Khôi phục THS | B32: 23 | C32: =B32-2 -> 21
A33: Thuê Bao mybox | B33: 71 | C33: =B33-2 -> 69
A34: MYKID | B34: 63 | C34: =B34-2 -> 61

Sheet GBOC
A1: TẬP ĐOÀN CÔNG NGHIỆP - VIỄN THÔNG QUÂN ĐỘI
A2: TỔNG CÔNG TY VIỄN THÔNG VIETTEL
A3: BÁO CÁO KẾT QUẢ THỰC HIỆN CHỈ TIÊU THEO HỘ KINH DOANH TOÀN QUỐC
D4: Ngày báo cáo: | E4: 1 | F4: 2 | G4: 3 | H4: 4 | I4: 5 | J4: 6 | K4: 7 | L4: 8 | M4: 9 | N4: 10 | O4: 11 | P4: 12 | Q4: 13 | R4: 14 | S4: 15 | T4: 16 | U4: 17 | V4: 18 | W4: 19 | X4: 20 | Y4: 21 | Z4: 22 | AA4: 23 | AB4: 24 | AC4: 25 | AD4: 26 | AE4: 27 | AF4: 28 | AG4: 29 | AH4: 30 | AI4: 31 | AJ4: 32 | AK4: 33 | AL4: 34 | AM4: 35 | AN4: 36 | AO4: 37 | AP4: 38 | AQ4: 39 | AR4: 40 | AS4: 41 | AT4: 42 | AU4: 43 | AV4: 44 | AW4: 45 | AX4: 46 | AY4: 47 | AZ4: 48 | BA4: 49 | BB4: 50 | BC4: 51 | BD4: 52 | BE4: 53 | BF4: 54 | BG4: 55 | BH4: 56 | BI4: 57 | BJ4: 58 | BK4: 59 | BL4: 60 | BM4: 61 | BN4: 62 | BO4: 63 | BP4: 64 | BQ4: 65 | BR4: 66 | BS4: 67 | BT4: 68 | BU4: 69 | BV4: 70 | BW4: 71 | BX4: 72 | BY4: 73 | BZ4: 74 | CA4: 75 | CB4: 76 | CC4: 77 | CD4: 78 | CE4: 79 | CF4: 80 | CG4: 81 | CH4: 82 | CI4: 83 | CJ4: 84 | CK4: 85 | CL4: 86 | CM4: 87 | CN4: 88 | CO4: 89 | CP4: 90 | CQ4: 91 | CR4: 92 | CS4: 93 | CT4: 94 | CU4: 95 | CV4: 96 | CW4: 97 | CX4: 98 | CY4: 99 | CZ4: 100 | DA4: 101 | DB4: 102 | DC4: 103 | DD4: 104 | DE4: 105 | DF4: 106 | DG4: 107
H5: FTTH_PTM - TB FTTH phát triển mới | P5: FTTH_PTM_SUPERNET - Thuê bao FTTH Mesh Wifi | X5: KP_TH - Khôi phục thuê bao Truyền hình | AF5: RM_FTTH_ALL - Thuê bao FTTH rời mạng | AN5: RM_TH - Thuê bao rời mạng truyền hình | AV5: SLCK_MUAGOI_5G - Số lượng chu kỳ gói 5G | BD5: SL_HOME_CAMERA_FTTH - Tổng sản lượng Camera (kèm FTTH + bán lẻ) | BL5: SL_TBDC_MYKID - Sản lượng bán đồng hồ Mykid | BT5: TB_MYBOX - TB MyBox có tính phí | CB5: TB_TV360_MHN_PTM - Thuê bao TV360 MHN phát triển mới | CJ5: TH_DOIDAY_OTT_PTM - Thuê bao truyền hình MHL phát triển mới trên đôi dây FTTH | CR5: TS_PTM - TB trả sau phát triển mới | CZ5: TT_THUC_30D_4G - Thuê bao đạt 4G từ KHM 30 ngày
A6: Mã tỉnh | B6: Mã cụm xã | C6: Tên cụm xã | D6: Mã xã | E6: User HKD | F6: Tên HKD | G6: User Nhân viên quản lý | H6: KH đến ngày | I6: KH Tháng | J6: TH Ngày | K6: TH Lũy kế | L6: % HT ngày | M6: % HT KH tháng | N6: TH Cùng kỳ tháng | O6: % Tăng trưởng | P6: KH đến ngày | Q6: KH Tháng | R6: TH Ngày | S6: TH Lũy kế | T6: % HT ngày | U6: % HT KH tháng | V6: TH Cùng kỳ tháng | W6: % Tăng trưởng | X6: KH đến ngày | Y6: KH Tháng | Z6: TH Ngày | AA6: TH Lũy kế | AB6: % HT ngày | AC6: % HT KH tháng | AD6: TH Cùng kỳ tháng | AE6: % Tăng trưởng | AF6: KH đến ngày | AG6: KH Tháng | AH6: TH Ngày | AI6: TH Lũy kế | AJ6: % HT ngày | AK6: % HT KH tháng | AL6: TH Cùng kỳ tháng | AM6: % Tăng trưởng | AN6: KH đến ngày | AO6: KH Tháng | AP6: TH Ngày | AQ6: TH Lũy kế | AR6: % HT ngày | AS6: % HT KH tháng | AT6: TH Cùng kỳ tháng | AU6: % Tăng trưởng | AV6: KH đến ngày | AW6: KH Tháng | AX6: TH Ngày | AY6: TH Lũy kế | AZ6: % HT ngày | BA6: % HT KH tháng | BB6: TH Cùng kỳ tháng | BC6: % Tăng trưởng | BD6: KH đến ngày | BE6: KH Tháng | BF6: TH Ngày | BG6: TH Lũy kế | BH6: % HT ngày | BI6: % HT KH tháng | BJ6: TH Cùng kỳ tháng | BK6: % Tăng trưởng | BL6: KH đến ngày | BM6: KH Tháng | BN6: TH Ngày | BO6: TH Lũy kế | BP6: % HT ngày | BQ6: % HT KH tháng | BR6: TH Cùng kỳ tháng | BS6: % Tăng trưởng | BT6: KH đến ngày | BU6: KH Tháng | BV6: TH Ngày | BW6: TH Lũy kế | BX6: % HT ngày | BY6: % HT KH tháng | BZ6: TH Cùng kỳ tháng | CA6: % Tăng trưởng | CB6: KH đến ngày | CC6: KH Tháng | CD6: TH Ngày | CE6: TH Lũy kế | CF6: % HT ngày | CG6: % HT KH tháng | CH6: TH Cùng kỳ tháng | CI6: % Tăng trưởng | CJ6: KH đến ngày | CK6: KH Tháng | CL6: TH Ngày | CM6: TH Lũy kế | CN6: % HT ngày | CO6: % HT KH tháng | CP6: TH Cùng kỳ tháng | CQ6: % Tăng trưởng | CR6: KH đến ngày | CS6: KH Tháng | CT6: TH Ngày | CU6: TH Lũy kế | CV6: % HT ngày | CW6: % HT KH tháng | CX6: TH Cùng kỳ tháng | CY6: % Tăng trưởng | CZ6: KH đến ngày | DA6: KH Tháng | DB6: TH Ngày | DC6: TH Lũy kế | DD6: % HT ngày | DE6: % HT KH tháng | DF6: TH Cùng kỳ tháng | DG6: % Tăng trưởng
A7: LDG | B7: 1000538100_DVTM | C7: Kho DVTM Cụm Di Linh - Lâm Đồng | D7: LDG001 | E7: CNKD_LDG_BINHLT | F7: CNKD_Lương Thị Bình | G7: SENNT8_NVKDDB_LDG | H7: 7 | I7: 7 | J7: 0 | K7: 12 | L7: 177.78 | M7: 171.43 | N7: 0 | O7: 100 | P7: 4 | Q7: 4 | R7: 0 | S7: 6 | T7: 155.56 | U7: 150 | V7: 0 | W7: 100 | X7: 2 | Y7: 2 | Z7: 0 | AA7: 0 | AB7: 0 | AC7: 0 | AD7: 0 | AE7: 100 | AF7: 4 | AG7: 4 | AH7: 0 | AI7: 3 | AJ7: 122.22 | AK7: 125 | AL7: 0 | AM7: 100 | AN7: 4 | AO7: 4 | AP7: 0 | AQ7: 0 | AR7: 0 | AS7: 0 | AT7: 1 | AU7: -100 | AV7: 34 | AW7: 35 | AX7: 0 | AY7: 52 | AZ7: 154.07 | BA7: 148.57 | BB7: 0 | BC7: 100 | BD7: 5 | BE7: 5 | BF7: 1 | BG7: 5 | BH7: 103.7 | BI7: 100 | BJ7: 0 | BK7: 100 | BL7: 0 | BM7: 0 | BN7: 0 | BO7: 0 | BP7: 100 | BQ7: 100 | BR7: 0 | BS7: 100 | BT7: 1 | BU7: 1 | BV7: 0 | BW7: 1 | BX7: 103.7 | BY7: 100 | BZ7: 0 | CA7: 100 | CB7: 8 | CC7: 8 | CD7: 0 | CE7: 6 | CF7: 77.78 | CG7: 75 | CH7: 0 | CI7: 100 | CJ7: 4 | CK7: 4 | CL7: 0 | CM7: 9 | CN7: 233.33 | CO7: 225 | CP7: 0 | CQ7: 100 | CR7: 4 | CS7: 4 | CT7: 0 | CU7: 5 | CV7: 129.63 | CW7: 125 | CX7: 0 | CY7: 100 | CZ7: 1 | DA7: 1 | DB7: 0 | DC7: 6 | DD7: 622.22 | DE7: 600 | DF7: 1 | DG7: 500
A8: LDG | B8: 1000538100_DVTM | C8: Kho DVTM Cụm Di Linh - Lâm Đồng | D8: LDG001 | E8: CNKD_LDG_HANGBT | F8: CNKD_Bùi Thu Hằng | G8: SONTV10_NVKDDB_LDG | H8: 7 | I8: 7 | J8: 0 | K8: 13 | L8: 192.59 | M8: 185.71 | N8: 0 | O8: 100 | P8: 4 | Q8: 4 | R8: 0 | S8: 5 | T8: 129.63 | U8: 125 | V8: 0 | W8: 100 | X8: 3 | Y8: 3 | Z8: 0 | AA8: 0 | AB8: 0 | AC8: 0 | AD8: 0 | AE8: 100 | AF8: 5 | AG8: 5 | AH8: 0 | AI8: 5 | AJ8: 96.3 | AK8: 100 | AL8: 1 | AM8: 400 | AN8: 4 | AO8: 4 | AP8: 0 | AQ8: 0 | AR8: 0 | AS8: 0 | AT8: 0 | AU8: 100 | AV8: 29 | AW8: 30 | AX8: 0 | AY8: 71 | AZ8: 245.43 | BA8: 236.67 | BB8: 3 | BC8: 2266.67 | BD8: 5 | BE8: 5 | BF8: 1 | BG8: 5 | BH8: 103.7 | BI8: 100 | BJ8: 0 | BK8: 100 | BL8: 1 | BM8: 1 | BN8: 0 | BO8: 0 | BP8: 0 | BQ8: 0 | BR8: 0 | BS8: 100 | BT8: 1 | BU8: 1 | BV8: 1 | BW8: 1 | BX8: 103.7 | BY8: 100 | BZ8: 0 | CA8: 100 | CB8: 8 | CC8: 8 | CD8: 0 | CE8: 10 | CF8: 129.63 | CG8: 125 | CH8: 0 | CI8: 100 | CJ8: 4 | CK8: 4 | CL8: 0 | CM8: 7 | CN8: 181.48 | CO8: 175 | CP8: 0 | CQ8: 100 | CR8: 4 | CS8: 4 | CT8: 0 | CU8: 4 | CV8: 103.7 | CW8: 100 | CX8: 1 | CY8: 300 | CZ8: 1 | DA8: 1 | DB8: 0 | DC8: 6 | DD8: 622.22 | DE8: 600 | DF8: 1 | DG8: 500
A9: LDG | B9: 1000538100_DVTM | C9: Kho DVTM Cụm Di Linh - Lâm Đồng | D9: LDG001 | E9: CNKD_LDG_HIEUBT | F9: CNKD_Bằng Trung Hiếu | G9: SONTV10_NVKDDB_LDG | H9: 7 | I9: 7 | J9: 0 | K9: 12 | L9: 177.78 | M9: 171.43 | N9: 0 | O9: 100 | P9: 4 | Q9: 4 | R9: 0 | S9: 4 | T9: 103.7 | U9: 100 | V9: 0 | W9: 100 | X9: 3 | Y9: 3 | Z9: 0 | AA9: 1 | AB9: 34.57 | AC9: 33.33 | AD9: 1 | AE9: 0 | AF9: 5 | AG9: 5 | AH9: 0 | AI9: 3 | AJ9: 137.78 | AK9: 140 | AL9: 0 | AM9: 100 | AN9: 4 | AO9: 4 | AP9: 0 | AQ9: 0 | AR9: 0 | AS9: 0 | AT9: 0 | AU9: 100 | AV9: 29 | AW9: 30 | AX9: 0 | AY9: 30 | AZ9: 103.7 | BA9: 100 | BB9: 0 | BC9: 100 | BD9: 5 | BE9: 5 | BF9: 1 | BG9: 5 | BH9: 103.7 | BI9: 100 | BJ9: 0 | BK9: 100 | BL9: 0 | BM9: 0 | BN9: 0 | BO9: 0 | BP9: 100 | BQ9: 100 | BR9: 0 | BS9: 100 | BT9: 1 | BU9: 1 | BV9: 0 | BW9: 1 | BX9: 103.7 | BY9: 100 | BZ9: 0 | CA9: 100 | CB9: 8 | CC9: 8 | CD9: 0 | CE9: 12 | CF9: 155.56 | CG9: 150 | CH9: 0 | CI9: 100 | CJ9: 4 | CK9: 4 | CL9: 0 | CM9: 4 | CN9: 103.7 | CO9: 100 | CP9: 0 | CQ9: 100 | CR9: 3 | CS9: 3 | CT9: 0 | CU9: 5 | CV9: 172.84 | CW9: 166.67 | CX9: 0 | CY9: 100 | CZ9: 1 | DA9: 1 | DB9: 0 | DC9: 3 | DD9: 311.11 | DE9: 300 | DF9: 0 | DG9: 100
A10: LDG | B10: 1000538100_DVTM | C10: Kho DVTM Cụm Di Linh - Lâm Đồng | D10: LDG001 | E10: CNKD_LDG_HUNGTV1 | F10: CNKD_Trần Văn Hùng | G10: SONTV10_NVKDDB_LDG | H10: 7 | I10: 7 | J10: 0 | K10: 5 | L10: 74.07 | M10: 71.43 | N10: 0 | O10: 100 | P10: 3 | Q10: 3 | R10: 0 | S10: 4 | T10: 138.27 | U10: 133.33 | V10: 0 | W10: 100 | X10: 1 | Y10: 1 | Z10: 0 | AA10: 0 | AB10: 0 | AC10: 0 | AD10: 1 | AE10: -100 | AF10: 3 | AG10: 3 | AH10: 0 | AI10: 1 | AJ10: 165.43 | AK10: 166.67 | AL10: 0 | AM10: 100 | AN10: 4 | AO10: 4 | AP10: 0 | AQ10: 0 | AR10: 0 | AS10: 0 | AT10: 0 | AU10: 100 | AV10: 29 | AW10: 30 | AX10: 0 | AY10: 9 | AZ10: 31.11 | BA10: 30 | BB10: 3 | BC10: 200 | BD10: 4 | BE10: 4 | BF10: 0 | BG10: 2 | BH10: 51.85 | BI10: 50 | BJ10: 0 | BK10: 100 | BL10: 0 | BM10: 0 | BN10: 0 | BO10: 0 | BP10: 100 | BQ10: 100 | BR10: 0 | BS10: 100 | BT10: 1 | BU10: 1 | BV10: 0 | BW10: 0 | BX10: 0 | BY10: 0 | BZ10: 0 | CA10: 100 | CB10: 8 | CC10: 8 | CD10: 0 | CE10: 0 | CF10: 0 | CG10: 0 | CH10: 0 | CI10: 100 | CJ10: 4 | CK10: 4 | CL10: 0 | CM10: 3 | CN10: 77.78 | CO10: 75 | CP10: 0 | CQ10: 100 | CR10: 3 | CS10: 3 | CT10: 0 | CU10: 0 | CV10: 0 | CW10: 0 | CX10: 0 | CY10: 100 | CZ10: 1 | DA10: 1 | DB10: 0 | DC10: 0 | DD10: 0 | DE10: 0 | DF10: 1 | DG10: -100
A11: LDG | B11: 1000538100_DVTM | C11: Kho DVTM Cụm Di Linh - Lâm Đồng | D11: LDG001 | E11: CNKD_LDG_HUONGNTS | F11: CNKD_Nguyễn Thị Song Hương | G11: SENNT8_NVKDDB_LDG | H11: 7 | I11: 7 | J11: 1 | K11: 9 | L11: 133.33 | M11: 128.57 | N11: 0 | O11: 100 | P11: 4 | Q11: 4 | R11: 1 | S11: 5 | T11: 129.63 | U11: 125 | V11: 0 | W11: 100 | X11: 2 | Y11: 2 | Z11: 0 | AA11: 0 | AB11: 0 | AC11: 0 | AD11: 0 | AE11: 100 | AF11: 4 | AG11: 4 | AH11: 0 | AI11: 3 | AJ11: 122.22 | AK11: 125 | AL11: 0 | AM11: 100 | AN11: 3 | AO11: 3 | AP11: 0 | AQ11: 0 | AR11: 0 | AS11: 0 | AT11: 0 | AU11: 100 | AV11: 39 | AW11: 40 | AX11: 0 | AY11: 85 | AZ11: 220.37 | BA11: 212.5 | BB11: 1 | BC11: 8400 | BD11: 5 | BE11: 5 | BF11: 2 | BG11: 6 | BH11: 124.44 | BI11: 120 | BJ11: 0 | BK11: 100 | BL11: 0 | BM11: 0 | BN11: 0 | BO11: 0 | BP11: 100 | BQ11: 100 | BR11: 0 | BS11: 100 | BT11: 1 | BU11: 1 | BV11: 0 | BW11: 1 | BX11: 103.7 | BY11: 100 | BZ11: 0 | CA11: 100 | CB11: 8 | CC11: 8 | CD11: 0 | CE11: 7 | CF11: 90.74 | CG11: 87.5 | CH11: 0 | CI11: 100 | CJ11: 4 | CK11: 4 | CL11: 0 | CM11: 3 | CN11: 77.78 | CO11: 75 | CP11: 0 | CQ11: 100 | CR11: 4 | CS11: 4 | CT11: 0 | CU11: 3 | CV11: 77.78 | CW11: 75 | CX11: 1 | CY11: 200 | CZ11: 1 | DA11: 1 | DB11: 0 | DC11: 10 | DD11: 1037.04 | DE11: 1000 | DF11: 1 | DG11: 900
A12: LDG | B12: 1000538100_DVTM | C12: Kho DVTM Cụm Di Linh - Lâm Đồng | D12: LDG001 | E12: CNKD_LDG_HUONGVTT | F12: CNKD_Vũ Thị Thu Hương | G12: SONTV10_NVKDDB_LDG | H12: 7 | I12: 7 | J12: 0 | K12: 7 | L12: 103.7 | M12: 100 | N12: 0 | O12: 100 | P12: 3 | Q12: 3 | R12: 1 | S12: 3 | T12: 103.7 | U12: 100 | V12: 0 | W12: 100 | X12: 1 | Y12: 1 | Z12: 0 | AA12: 0 | AB12: 0 | AC12: 0 | AD12: 0 | AE12: 100 | AF12: 4 | AG12: 4 | AH12: 0 | AI12: 1 | AJ12: 174.07 | AK12: 175 | AL12: 0 | AM12: 100 | AN12: 4 | AO12: 4 | AP12: 0 | AQ12: 0 | AR12: 0 | AS12: 0 | AT12: 0 | AU12: 100 | AV12: 29 | AW12: 30 | AX12: 0 | AY12: 26 | AZ12: 89.88 | BA12: 86.67 | BB12: 0 | BC12: 100 | BD12: 4 | BE12: 4 | BF12: 3 | BG12: 4 | BH12: 103.7 | BI12: 100 | BJ12: 0 | BK12: 100 | BL12: 0 | BM12: 0 | BN12: 0 | BO12: 0 | BP12: 100 | BQ12: 100 | BR12: 0 | BS12: 100 | BT12: 1 | BU12: 1 | BV12: 0 | BW12: 0 | BX12: 0 | BY12: 0 | BZ12: 0 | CA12: 100 | CB12: 8 | CC12: 8 | CD12: 0 | CE12: 3 | CF12: 38.89 | CG12: 37.5 | CH12: 0 | CI12: 100 | CJ12: 4 | CK12: 4 | CL12: 0 | CM12: 2 | CN12: 51.85 | CO12: 50 | CP12: 0 | CQ12: 100 | CR12: 3 | CS12: 3 | CT12: 0 | CU12: 4 | CV12: 138.27 | CW12: 133.33 | CX12: 0 | CY12: 100 | CZ12: 1 | DA12: 1 | DB12: 0 | DC12: 3 | DD12: 311.11 | DE12: 300 | DF12: 1 | DG12: 200
A13: LDG | B13: 1000538100_DVTM | C13: Kho DVTM Cụm Di Linh - Lâm Đồng | D13: LDG001 | E13: CNKD_LDG_LINHPM | F13: CNKD_Phạm Mỹ Linh | G13: VIETDQ9_NVKDDB_LDG | H13: 8 | I13: 8 | J13: 0 | K13: 8 | L13: 103.7 | M13: 100 | N13: 0 | O13: 100 | P13: 4 | Q13: 4 | R13: 1 | S13: 5 | T13: 129.63 | U13: 125 | V13: 0 | W13: 100 | X13: 2 | Y13: 2 | Z13: 0 | AA13: 0 | AB13: 0 | AC13: 0 | AD13: 3 | AE13: -100 | AF13: 5 | AG13: 5 | AH13: 0 | AI13: 2 | AJ13: 158.52 | AK13: 160 | AL13: 0 | AM13: 100 | AN13: 4 | AO13: 4 | AP13: 0 | AQ13: 0 | AR13: 0 | AS13: 0 | AT13: 0 | AU13: 100 | AV13: 48 | AW13: 50 | AX13: 0 | AY13: 71 | AZ13: 147.26 | BA13: 142 | BB13: 0 | BC13: 100 | BD13: 5 | BE13: 5 | BF13: 0 | BG13: 4 | BH13: 82.96 | BI13: 80 | BJ13: 0 | BK13: 100 | BL13: 1 | BM13: 1 | BN13: 0 | BO13: 0 | BP13: 0 | BQ13: 0 | BR13: 0 | BS13: 100 | BT13: 1 | BU13: 1 | BV13: 1 | BW13: 2 | BX13: 207.41 | BY13: 200 | BZ13: 0 | CA13: 100 | CB13: 9 | CC13: 9 | CD13: 0 | CE13: 11 | CF13: 126.75 | CG13: 122.22 | CH13: 0 | CI13: 100 | CJ13: 5 | CK13: 5 | CL13: 0 | CM13: 1 | CN13: 20.74 | CO13: 20 | CP13: 0 | CQ13: 100 | CR13: 4 | CS13: 4 | CT13: 0 | CU13: 5 | CV13: 129.63 | CW13: 125 | CX13: 0 | CY13: 100 | CZ13: 1 | DA13: 1 | DB13: 0 | DC13: 1 | DD13: 103.7 | DE13: 100 | DF13: 0 | DG13: 100
A14: LDG | B14: 1000538100_DVTM | C14: Kho DVTM Cụm Di Linh - Lâm Đồng | D14: LDG001 | E14: CNKD_LDG_LOANBTB | F14: CNKD_Bùi Thị Bích Loan | G14: SENNT8_NVKDDB_LDG | H14: 7 | I14: 7 | J14: 0 | K14: 9 | L14: 133.33 | M14: 128.57 | N14: 0 | O14: 100 | P14: 4 | Q14: 4 | R14: 0 | S14: 6 | T14: 155.56 | U14: 150 | V14: 0 | W14: 100 | X14: 2 | Y14: 2 | Z14: 0 | AA14: 1 | AB14: 51.85 | AC14: 50 | AD14: 0 | AE14: 100 | AF14: 4 | AG14: 4 | AH14: 0 | AI14: 3 | AJ14: 122.22 | AK14: 125 | AL14: 0 | AM14: 100 | AN14: 4 | AO14: 4 | AP14: 0 | AQ14: 0 | AR14: 0 | AS14: 0 | AT14: 0 | AU14: 100 | AV14: 58 | AW14: 60 | AX14: 0 | AY14: 217 | AZ14: 375.06 | BA14: 361.67 | BB14: 0 | BC14: 100 | BD14: 5 | BE14: 5 | BF14: 1 | BG14: 4 | BH14: 82.96 | BI14: 80 | BJ14: 0 | BK14: 100 | BL14: 1 | BM14: 1 | BN14: 0 | BO14: 6 | BP14: 622.22 | BQ14: 600 | BR14: 0 | BS14: 100 | BT14: 1 | BU14: 1 | BV14: 0 | BW14: 1 | BX14: 103.7 | BY14: 100 | BZ14: 0 | CA14: 100 | CB14: 8 | CC14: 8 | CD14: 0 | CE14: 17 | CF14: 220.37 | CG14: 212.5 | CH14: 0 | CI14: 100 | CJ14: 4 | CK14: 4 | CL14: 0 | CM14: 7 | CN14: 181.48 | CO14: 175 | CP14: 0 | CQ14: 100 | CR14: 4 | CS14: 4 | CT14: 0 | CU14: 9 | CV14: 233.33 | CW14: 225 | CX14: 0 | CY14: 100 | CZ14: 1 | DA14: 1 | DB14: 0 | DC14: 17 | DD14: 1762.96 | DE14: 1700 | DF14: 2 | DG14: 750
A15: LDG | B15: 1000538100_DVTM | C15: Kho DVTM Cụm Di Linh - Lâm Đồng | D15: LDG001 | E15: CNKD_LDG_NHUANVD | F15: CNKD_Vũ Đức Nhuận | G15: VIETDQ9_NVKDDB_LDG | H15: 8 | I15: 8 | J15: 0 | K15: 10 | L15: 129.63 | M15: 125 | N15: 0 | O15: 100 | P15: 4 | Q15: 4 | R15: 1 | S15: 4 | T15: 103.7 | U15: 100 | V15: 0 | W15: 100 | X15: 3 | Y15: 3 | Z15: 0 | AA15: 0 | AB15: 0 | AC15: 0 | AD15: 1 | AE15: -100 | AF15: 5 | AG15: 5 | AH15: 0 | AI15: 2 | AJ15: 158.52 | AK15: 160 | AL15: 0 | AM15: 100 | AN15: 4 | AO15: 4 | AP15: 0 | AQ15: 0 | AR15: 0 | AS15: 0 | AT15: 0 | AU15: 100 | AV15: 29 | AW15: 30 | AX15: 0 | AY15: 61 | AZ15: 210.86 | BA15: 203.33 | BB15: 0 | BC15: 100 | BD15: 5 | BE15: 5 | BF15: 1 | BG15: 3 | BH15: 62.22 | BI15: 60 | BJ15: 0 | BK15: 100 | BL15: 0 | BM15: 0 | BN15: 0 | BO15: 0 | BP15: 100 | BQ15: 100 | BR15: 0 | BS15: 100 | BT15: 1 | BU15: 1 | BV15: 0 | BW15: 1 | BX15: 103.7 | BY15: 100 | BZ15: 0 | CA15: 100 | CB15: 9 | CC15: 9 | CD15: 0 | CE15: 11 | CF15: 126.75 | CG15: 122.22 | CH15: 0 | CI15: 100 | CJ15: 5 | CK15: 5 | CL15: 0 | CM15: 6 | CN15: 124.44 | CO15: 120 | CP15: 0 | CQ15: 100 | CR15: 3 | CS15: 3 | CT15: 1 | CU15: 4 | CV15: 138.27 | CW15: 133.33 | CX15: 0 | CY15: 100 | CZ15: 1 | DA15: 1 | DB15: 0 | DC15: 1 | DD15: 103.7 | DE15: 100 | DF15: 0 | DG15: 100
A16: LDG | B16: 1000538100_DVTM | C16: Kho DVTM Cụm Di Linh - Lâm Đồng | D16: LDG001 | E16: CNKD_LDG_NHUNGPT | F16: CNKD_Phạm Thị Nhung | G16: SENNT8_NVKDDB_LDG | H16: 7 | I16: 7 | J16: 0 | K16: 7 | L16: 103.7 | M16: 100 | N16: 0 | O16: 100 | P16: 4 | Q16: 4 | R16: 0 | S16: 5 | T16: 129.63 | U16: 125 | V16: 0 | W16: 100 | X16: 3 | Y16: 3 | Z16: 0 | AA16: 0 | AB16: 0 | AC16: 0 | AD16: 0 | AE16: 100 | AF16: 4 | AG16: 4 | AH16: 0 | AI16: 6 | AJ16: 44.44 | AK16: 50 | AL16: 0 | AM16: 100 | AN16: 4 | AO16: 4 | AP16: 0 | AQ16: 0 | AR16: 0 | AS16: 0 | AT16: 0 | AU16: 100 | AV16: 34 | AW16: 35 | AX16: 0 | AY16: 96 | AZ16: 284.44 | BA16: 274.29 | BB16: 0 | BC16: 100 | BD16: 5 | BE16: 5 | BF16: 1 | BG16: 3 | BH16: 62.22 | BI16: 60 | BJ16: 0 | BK16: 100 | BL16: 1 | BM16: 1 | BN16: 0 | BO16: 2 | BP16: 207.41 | BQ16: 200 | BR16: 0 | BS16: 100 | BT16: 1 | BU16: 1 | BV16: 0 | BW16: 1 | BX16: 103.7 | BY16: 100 | BZ16: 0 | CA16: 100 | CB16: 8 | CC16: 8 | CD16: 0 | CE16: 6 | CF16: 77.78 | CG16: 75 | CH16: 0 | CI16: 100 | CJ16: 4 | CK16: 4 | CL16: 0 | CM16: 4 | CN16: 103.7 | CO16: 100 | CP16: 0 | CQ16: 100 | CR16: 4 | CS16: 4 | CT16: 0 | CU16: 9 | CV16: 233.33 | CW16: 225 | CX16: 0 | CY16: 100 | CZ16: 1 | DA16: 1 | DB16: 0 | DC16: 11 | DD16: 1140.74 | DE16: 1100 | DF16: 1 | DG16: 1000
A17: LDG | B17: 1000538100_DVTM | C17: Kho DVTM Cụm Di Linh - Lâm Đồng | D17: LDG001 | E17: CNKD_LDG_NHUYK | F17: CNKD_Ka Nhụy | G17: SENNT8_NVKDDB_LDG | H17: 7 | I17: 7 | J17: 1 | K17: 6 | L17: 88.89 | M17: 85.71 | N17: 0 | O17: 100 | P17: 4 | Q17: 4 | R17: 0 | S17: 7 | T17: 181.48 | U17: 175 | V17: 0 | W17: 100 | X17: 3 | Y17: 3 | Z17: 0 | AA17: 1 | AB17: 34.57 | AC17: 33.33 | AD17: 0 | AE17: 100 | AF17: 4 | AG17: 4 | AH17: 0 | AI17: 5 | AJ17: 70.37 | AK17: 75 | AL17: 0 | AM17: 100 | AN17: 4 | AO17: 4 | AP17: 0 | AQ17: 0 | AR17: 0 | AS17: 0 | AT17: 0 | AU17: 100 | AV17: 34 | AW17: 35 | AX17: 0 | AY17: 57 | AZ17: 168.89 | BA17: 162.86 | BB17: 0 | BC17: 100 | BD17: 5 | BE17: 5 | BF17: 1 | BG17: 6 | BH17: 124.44 | BI17: 120 | BJ17: 0 | BK17: 100 | BL17: 0 | BM17: 0 | BN17: 0 | BO17: 0 | BP17: 100 | BQ17: 100 | BR17: 0 | BS17: 100 | BT17: 1 | BU17: 1 | BV17: 0 | BW17: 1 | BX17: 103.7 | BY17: 100 | BZ17: 0 | CA17: 100 | CB17: 8 | CC17: 8 | CD17: 0 | CE17: 12 | CF17: 155.56 | CG17: 150 | CH17: 0 | CI17: 100 | CJ17: 4 | CK17: 4 | CL17: 0 | CM17: 6 | CN17: 155.56 | CO17: 150 | CP17: 0 | CQ17: 100 | CR17: 4 | CS17: 4 | CT17: 0 | CU17: 5 | CV17: 129.63 | CW17: 125 | CX17: 0 | CY17: 100 | CZ17: 1 | DA17: 1 | DB17: 0 | DC17: 11 | DD17: 1140.74 | DE17: 1100 | DF17: 0 | DG17: 100
A18: LDG | B18: 1000538100_DVTM | C18: Kho DVTM Cụm Di Linh - Lâm Đồng | D18: LDG001 | E18: CNKD_LDG_PHUONGNTT1 | F18: CNKD_Nguyễn Thị Thu Phượng | G18: SONTV10_NVKDDB_LDG | H18: 7 | I18: 7 | J18: 0 | K18: 7 | L18: 103.7 | M18: 100 | N18: 0 | O18: 100 | P18: 4 | Q18: 4 | R18: 0 | S18: 10 | T18: 259.26 | U18: 250 | V18: 0 | W18: 100 | X18: 3 | Y18: 3 | Z18: 0 | AA18: 2 | AB18: 69.14 | AC18: 66.67 | AD18: 0 | AE18: 100 | AF18: 5 | AG18: 5 | AH18: 0 | AI18: 5 | AJ18: 96.3 | AK18: 100 | AL18: 0 | AM18: 100 | AN18: 4 | AO18: 4 | AP18: 0 | AQ18: 0 | AR18: 0 | AS18: 0 | AT18: 0 | AU18: 100 | AV18: 29 | AW18: 30 | AX18: 0 | AY18: 73 | AZ18: 252.35 | BA18: 243.33 | BB18: 0 | BC18: 100 | BD18: 5 | BE18: 5 | BF18: 1 | BG18: 3 | BH18: 62.22 | BI18: 60 | BJ18: 0 | BK18: 100 | BL18: 0 | BM18: 0 | BN18: 0 | BO18: 2 | BP18: 100 | BQ18: 100 | BR18: 0 | BS18: 100 | BT18: 1 | BU18: 1 | BV18: 0 | BW18: 1 | BX18: 103.7 | BY18: 100 | BZ18: 0 | CA18: 100 | CB18: 8 | CC18: 8 | CD18: 0 | CE18: 8 | CF18: 103.7 | CG18: 100 | CH18: 0 | CI18: 100 | CJ18: 4 | CK18: 4 | CL18: 0 | CM18: 6 | CN18: 155.56 | CO18: 150 | CP18: 0 | CQ18: 100 | CR18: 4 | CS18: 4 | CT18: 0 | CU18: 8 | CV18: 207.41 | CW18: 200 | CX18: 0 | CY18: 100 | CZ18: 1 | DA18: 1 | DB18: 0 | DC18: 12 | DD18: 1244.44 | DE18: 1200 | DF18: 1 | DG18: 1100
... A24: LDG | B24: 1000538100_DVTM | C24: Kho DVTM Cụm Di Linh - Lâm Đồng | D24: LDG001 | E24: CNKD_LDG_VANVV | F24: CNKD_Vòng Vĩnh Vân | G24: SENNT8_NVKDDB_LDG | H24: 3 | I24: 3 | J24: 0 | K24: 4 | L24: 138.27 | M24: 133.33 | N24: 0 | O24: 100 | P24: 2 | Q24: 2 | R24: 0 | S24: 0 | T24: 0 | U24: 0 | V24: 0 | W24: 100 | X24: 1 | Y24: 1 | Z24: 0 | AA24: 0 | AB24: 0 | AC24: 0 | AD24: 0 | AE24: 100 | AF24: 3 | AG24: 3 | AH24: 0 | AI24: 0 | AJ24: 200 | AK24: 200 | AL24: 0 | AM24: 100 | AN24: 3 | AO24: 3 | AP24: 0 | AQ24: 0 | AR24: 0 | AS24: 0 | AT24: 0 | AU24: 100 | AV24: 14 | AW24: 14 | AX24: 0 | AY24: 21 | AZ24: 155.56 | BA24: 150 | BB24: 0 | BC24: 100 | BD24: 2 | BE24: 2 | BF24: 1 | BG24: 3 | BH24: 155.56 | BI24: 150 | BJ24: 0 | BK24: 100 | BL24: 0 | BM24: 0 | BN24: 0 | BO24: 0 | BP24: 100 | BQ24: 100 | BR24: 0 | BS24: 100 | BT24: 1 | BU24: 1 | BV24: 0 | BW24: 1 | BX24: 103.7 | BY24: 100 | BZ24: 0 | CA24: 100 | CB24: 5 | CC24: 5 | CD24: 0 | CE24: 3 | CF24: 62.22 | CG24: 60 | CH24: 0 | CI24: 100 | CJ24: 3 | CK24: 3 | CL24: 0 | CM24: 1 | CN24: 34.57 | CO24: 33.33 | CP24: 0 | CQ24: 100 | CR24: 3 | CS24: 3 | CT24: 1 | CU24: 3 | CV24: 103.7 | CW24: 100 | CX24: 0 | CY24: 100 | CZ24: 1 | DA24: 1 | DB24: 0 | DC24: 1 | DD24: 103.7 | DE24: 100 | DF24: 0 | DG24: 100
A25: LDG | B25: 1000538100_DVTM | C25: Kho DVTM Cụm Di Linh - Lâm Đồng | D25: LDG030 | E25: 1000538100_DVTM | F25: Kho DVTM Cụm Di Linh - Lâm Đồng | G25: SONTV10_NVKDDB_LDG | AV25: 1311 | AW25: 1360 | AX25: 0 | AY25: 0 | AZ25: 0 | BA25: 0 | BB25: 0 | BC25: 100 | BT25: 6 | BU25: 6 | BV25: 0 | BW25: 0 | BX25: 0 | BY25: 0 | BZ25: 0 | CA25: 100 | CB25: 116 | CC25: 120 | CD25: 0 | CE25: 0 | CF25: 0 | CG25: 0 | CH25: 0 | CI25: 100 | CZ25: 248 | DA25: 257 | DB25: 0 | DC25: 0 | DD25: 0 | DE25: 0 | DF25: 0 | DG25: 100
A26: LDG | B26: 1000538100_DVTM | C26: Kho DVTM Cụm Di Linh - Lâm Đồng | D26: LDG030 | E26: CNKD_LDG_DANVTN | F26: CNKD_Vũ Thị Ngọc Đan | G26: SONTV10_NVKDDB_LDG | X26: 0 | Y26: 0 | Z26: 0 | AA26: 1 | AB26: 100 | AC26: 100 | AD26: 2 | AE26: -50
A27: LDG | B27: 1000538100_DVTM | C27: Kho DVTM Cụm Di Linh - Lâm Đồng | D27: LDG030 | E27: CNKD_LDG_HOPVQ | F27: CNKD_Văn Quý Hợp | G27: SENNT8_NVKDDB_LDG | H27: 4 | I27: 4 | J27: 0 | K27: 3 | L27: 77.78 | M27: 75 | N27: 2 | O27: 50 | P27: 2 | Q27: 2 | R27: 0 | S27: 4 | T27: 207.41 | U27: 200 | V27: 0 | W27: 100 | X27: 1 | Y27: 1 | Z27: 0 | AA27: 0 | AB27: 0 | AC27: 0 | AD27: 0 | AE27: 100 | AF27: 2 | AG27: 2 | AH27: 0 | AI27: 3 | AJ27: 44.44 | AK27: 50 | AL27: 0 | AM27: 100 | AN27: 3 | AO27: 3 | AP27: 0 | AQ27: 0 | AR27: 0 | AS27: 0 | AT27: 0 | AU27: 100 | AV27: 20 | AW27: 21 | AX27: 0 | AY27: 30 | AZ27: 148.15 | BA27: 142.86 | BB27: 0 | BC27: 100 | BD27: 3 | BE27: 3 | BF27: 1 | BG27: 1 | BH27: 34.57 | BI27: 33.33 | BJ27: 1 | BK27: 0 | BL27: 0 | BM27: 0 | BN27: 0 | BO27: 2 | BP27: 100 | BQ27: 100 | BR27: 0 | BS27: 100 | BT27: 1 | BU27: 1 | BV27: 0 | BW27: 1 | BX27: 103.7 | BY27: 100 | BZ27: 0 | CA27: 100 | CB27: 6 | CC27: 6 | CD27: 0 | CE27: 6 | CF27: 103.7 | CG27: 100 | CH27: 0 | CI27: 100 | CJ27: 3 | CK27: 3 | CL27: 0 | CM27: 2 | CN27: 69.14 | CO27: 66.67 | CP27: 0 | CQ27: 100 | CR27: 3 | CS27: 3 | CT27: 0 | CU27: 3 | CV27: 103.7 | CW27: 100 | CX27: 0 | CY27: 100 | CZ27: 1 | DA27: 1 | DB27: 0 | DC27: 3 | DD27: 311.11 | DE27: 300 | DF27: 0 | DG27: 100
A28: LDG | B28: 1000538100_DVTM | C28: Kho DVTM Cụm Di Linh - Lâm Đồng | D28: LDG032 | E28: CNKD_LDG_VIDNT | F28: CNKD_Đoàn Nguyễn Tường Vi | AV28: 0 | AW28: 0 | AX28: 0 | AY28: 1 | AZ28: 100 | BA28: 100 | BB28: 0 | BC28: 100
A29: LDG | B29: 1000538100_DVTM | C29: Kho DVTM Cụm Di Linh - Lâm Đồng | D29: LDG036 | E29: CNKD_LDG_ANLT | F29: CNKD_Lê Trọng An | G29: VIETDQ9_NVKDDB_LDG | H29: 8 | I29: 8 | J29: 0 | K29: 8 | L29: 103.7 | M29: 100 | N29: 0 | O29: 100 | P29: 4 | Q29: 4 | R29: 0 | S29: 6 | T29: 155.56 | U29: 150 | V29: 0 | W29: 100 | X29: 2 | Y29: 2 | Z29: 0 | AA29: 0 | AB29: 0 | AC29: 0 | AD29: 1 | AE29: -100 | AF29: 5 | AG29: 5 | AH29: 0 | AI29: 3 | AJ29: 137.78 | AK29: 140 | AL29: 0 | AM29: 100 | AN29: 4 | AO29: 4 | AP29: 0 | AQ29: 1 | AR29: 25.93 | AS29: 25 | AT29: 0 | AU29: 100 | AV29: 29 | AW29: 30 | AX29: 0 | AY29: 33 | AZ29: 114.07 | BA29: 110 | BB29: 0 | BC29: 100 | BD29: 5 | BE29: 5 | BF29: 1 | BG29: 5 | BH29: 103.7 | BI29: 100 | BJ29: 0 | BK29: 100 | BL29: 0 | BM29: 0 | BN29: 0 | BO29: 0 | BP29: 100 | BQ29: 100 | BR29: 0 | BS29: 100 | BT29: 1 | BU29: 1 | BV29: 0 | BW29: 1 | BX29: 103.7 | BY29: 100 | BZ29: 0 | CA29: 100 | CB29: 9 | CC29: 9 | CD29: 0 | CE29: 12 | CF29: 138.27 | CG29: 133.33 | CH29: 0 | CI29: 100 | CJ29: 5 | CK29: 5 | CL29: 0 | CM29: 6 | CN29: 124.44 | CO29: 120 | CP29: 0 | CQ29: 100 | CR29: 4 | CS29: 4 | CT29: 0 | CU29: 4 | CV29: 103.7 | CW29: 100 | CX29: 0 | CY29: 100 | CZ29: 1 | DA29: 1 | DB29: 0 | DC29: 1 | DD29: 103.7 | DE29: 100 | DF29: 0 | DG29: 100
E30: CNKD_LDG_MAITTN | F30: CNKD_Trần Thị Ngọc Mai | G30: SENNT8_NVKDDB_LDG | H30: 3 | I30: 3 | J30: 0 | K30: 3 | L30: 103.7 | M30: 100 | N30: 0 | O30: 100 | P30: 2 | Q30: 2 | R30: 0 | S30: 2 | T30: 103.7 | U30: 100 | V30: 0 | W30: 100 | X30: 1 | Y30: 1 | Z30: 0 | AA30: 0 | AB30: 0 | AC30: 0 | AD30: 0 | AE30: 100 | AF30: 2 | AG30: 2 | AH30: 0 | AI30: 1 | AJ30: 148.15 | AK30: 150 | AL30: 0 | AM30: 100 | AN30: 3 | AO30: 3 | AP30: 0 | AQ30: 0 | AR30: 0 | AS30: 0 | AT30: 0 | AU30: 100 | AV30: 14 | AW30: 14 | AX30: 0 | AY30: 14 | AZ30: 103.7 | BA30: 100 | BB30: 0 | BC30: 100 | BD30: 2 | BE30: 2 | BF30: 0 | BG30: 2 | BH30: 103.7 | BI30: 100 | BJ30: 0 | BK30: 100 | BL30: 0 | BM30: 0 | BN30: 0 | BO30: 0 | BP30: 100 | BQ30: 100 | BR30: 0 | BS30: 100 | BT30: 1 | BU30: 1 | BV30: 0 | BW30: 1 | BX30: 103.7 | BY30: 100 | BZ30: 1 | CA30: 0 | CB30: 5 | CC30: 5 | CD30: 0 | CE30: 5 | CF30: 103.7 | CG30: 100 | CH30: 0 | CI30: 100 | CJ30: 3 | CK30: 3 | CL30: 0 | CM30: 1 | CN30: 34.57 | CO30: 33.33 | CP30: 0 | CQ30: 100 | CR30: 3 | CS30: 3 | CT30: 0 | CU30: 4 | CV30: 138.27 | CW30: 133.33 | CX30: 0 | CY30: 100 | CZ30: 1 | DA30: 1 | DB30: 0 | DC30: 3 | DD30: 311.11 | DE30: 300 | DF30: 0 | DG30: 100

Sheet Giao CT
B2: 1 | C2: 2 | D2: 3 | E2: 4 | F2: 5 | G2: 6 | H2: 7 | I2: 8 | J2: 9 | K2: 10 | L2: 11 | M2: 12 | N2: 13 | O2: 14 | P2: 15 | Q2: 16 | R2: 17 | S2: 18 | T2: 29
A3: STT | B3: Nhân viên nhận chỉ tiêu | C3: User Kinh doanh | D3: user cha | E3: Quản lý | F3: FTTH | G3: Mesh | H3: Camera | I3: Truyền hình số đôi dây | J3: Thuê bao trả sau | K3: Thuê bao thực 30D | L3: Gói 5G | M3: TV MÀN HÌNH NHỎ STANDARD | N3: Ròi Mạng RM THS | O3: Rời mạng FTTH | P3: CƯỚC | Q3: Khôi phục THS | R3: MyBox | S3: mykid
F5: 134 | G5: 136 | H5: 67 | I5: 51 | J5: 125 | K5: 307 | L5: 806 | M5: 273 | N5: 59 | O5: 57 | Q5: 57 | R5: 21 | S5: 4
A6: 1 | B6: Lê Trọng An | C6: ANLT_LDG_CNKD | D6: CNKD_LDG_ANLT | E6: VIETDQ9_NVKDDB_LDG | F6: =VLOOKUP(D6,GBOC!$E$7:$DG$29,$C$23,0) -> 8 | G6: =VLOOKUP(D6,GBOC!$E$7:$DG$29,$C$24,0) -> 4 | H6: =VLOOKUP(D6,GBOC!$E$7:$DG$29,$C$25,0) -> 5 | I6: =VLOOKUP(D6,GBOC!$E$7:$DG$29,$C$26,0) -> 5 | J6: =VLOOKUP(D6,GBOC!$E$7:$DG$29,$C$27,0) -> 4 | K6: =VLOOKUP(D6,GBOC!$E$7:$DG$29,$C$28,0) -> 1 | L6: =VLOOKUP(D6,GBOC!$E$7:$DG$29,$C$29,0) -> 30 | M6: =VLOOKUP(D6,GBOC!$E$7:$DG$29,$C$30,0) -> 9 | N6: =VLOOKUP(D6,GBOC!$E$7:$DG$29,$C$31,0) -> 4 | O6: =VLOOKUP(D6,GBOC!$E$7:$DG$29,$C$32,0) -> 5 | P6: 0.97 | Q6: =VLOOKUP(D6,GBOC!$E$7:$DG$29,$C$34,0) -> 2 | R6: =VLOOKUP(D6,GBOC!$E$7:$DG$29,$C$36,0) -> 1 | S6: =VLOOKUP(D6,GBOC!$E$7:$DG$29,$C$37,0) -> 0
A7: 2 | B7: Bùi Thu Hằng | C7: HANGBT_LDG_CNKD | D7: CNKD_LDG_HANGBT | E7: SONTV10_NVKDDB_LDG | F7: =VLOOKUP(D7,GBOC!$E$7:$DG$29,$C$23,0) -> 7 | G7: =VLOOKUP(D7,GBOC!$E$7:$DG$29,$C$24,0) -> 4 | H7: =VLOOKUP(D7,GBOC!$E$7:$DG$29,$C$25,0) -> 5 | I7: =VLOOKUP(D7,GBOC!$E$7:$DG$29,$C$26,0) -> 4 | J7: =VLOOKUP(D7,GBOC!$E$7:$DG$29,$C$27,0) -> 4 | K7: =VLOOKUP(D7,GBOC!$E$7:$DG$29,$C$28,0) -> 1 | L7: =VLOOKUP(D7,GBOC!$E$7:$DG$29,$C$29,0) -> 30 | M7: =VLOOKUP(D7,GBOC!$E$7:$DG$29,$C$30,0) -> 8 | N7: =VLOOKUP(D7,GBOC!$E$7:$DG$29,$C$31,0) -> 4 | O7: =VLOOKUP(D7,GBOC!$E$7:$DG$29,$C$32,0) -> 5 | P7: 0.97 | Q7: =VLOOKUP(D7,GBOC!$E$7:$DG$29,$C$34,0) -> 3 | R7: =VLOOKUP(D7,GBOC!$E$7:$DG$29,$C$36,0) -> 1 | S7: =VLOOKUP(D7,GBOC!$E$7:$DG$29,$C$37,0) -> 1
A8: 3 | B8: Bằng Trung Hiếu | C8: HIEUBT_LDG_CNKD | D8: CNKD_LDG_HIEUBT | E8: SONTV10_NVKDDB_LDG | F8: =VLOOKUP(D8,GBOC!$E$7:$DG$29,$C$23,0) -> 7 | G8: =VLOOKUP(D8,GBOC!$E$7:$DG$29,$C$24,0) -> 4 | H8: =VLOOKUP(D8,GBOC!$E$7:$DG$29,$C$25,0) -> 5 | I8: =VLOOKUP(D8,GBOC!$E$7:$DG$29,$C$26,0) -> 4 | J8: =VLOOKUP(D8,GBOC!$E$7:$DG$29,$C$27,0) -> 3 | K8: =VLOOKUP(D8,GBOC!$E$7:$DG$29,$C$28,0) -> 1 | L8: =VLOOKUP(D8,GBOC!$E$7:$DG$29,$C$29,0) -> 30 | M8: =VLOOKUP(D8,GBOC!$E$7:$DG$29,$C$30,0) -> 8 | N8: =VLOOKUP(D8,GBOC!$E$7:$DG$29,$C$31,0) -> 4 | O8: =VLOOKUP(D8,GBOC!$E$7:$DG$29,$C$32,0) -> 5 | P8: 0.97 | Q8: =VLOOKUP(D8,GBOC!$E$7:$DG$29,$C$34,0) -> 3 | R8: =VLOOKUP(D8,GBOC!$E$7:$DG$29,$C$36,0) -> 1 | S8: =VLOOKUP(D8,GBOC!$E$7:$DG$29,$C$37,0) -> 0
A9: 4 | B9: Trần Văn Hùng | C9: HUNGTV1_LDG_CNKD | D9: CNKD_LDG_HUNGTV1 | E9: SONTV10_NVKDDB_LDG | F9: =VLOOKUP(D9,GBOC!$E$7:$DG$29,$C$23,0) -> 7 | G9: =VLOOKUP(D9,GBOC!$E$7:$DG$29,$C$24,0) -> 3 | H9: =VLOOKUP(D9,GBOC!$E$7:$DG$29,$C$25,0) -> 4 | I9: =VLOOKUP(D9,GBOC!$E$7:$DG$29,$C$26,0) -> 4 | J9: =VLOOKUP(D9,GBOC!$E$7:$DG$29,$C$27,0) -> 3 | K9: =VLOOKUP(D9,GBOC!$E$7:$DG$29,$C$28,0) -> 1 | L9: =VLOOKUP(D9,GBOC!$E$7:$DG$29,$C$29,0) -> 30 | M9: =VLOOKUP(D9,GBOC!$E$7:$DG$29,$C$30,0) -> 8 | N9: =VLOOKUP(D9,GBOC!$E$7:$DG$29,$C$31,0) -> 4 | O9: =VLOOKUP(D9,GBOC!$E$7:$DG$29,$C$32,0) -> 3 | P9: 0.97 | Q9: =VLOOKUP(D9,GBOC!$E$7:$DG$29,$C$34,0) -> 1 | R9: =VLOOKUP(D9,GBOC!$E$7:$DG$29,$C$36,0) -> 1 | S9: =VLOOKUP(D9,GBOC!$E$7:$DG$29,$C$37,0) -> 0
A10: 5 | B10: Nguyễn Thị Song Hương | C10: HUONGNTS_LDG_CNKD | D10: CNKD_LDG_HUONGNTS | E10: SENNT8_NVKDDB_LDG | F10: =VLOOKUP(D10,GBOC!$E$7:$DG$29,$C$23,0) -> 7 | G10: =VLOOKUP(D10,GBOC!$E$7:$DG$29,$C$24,0) -> 4 | H10: =VLOOKUP(D10,GBOC!$E$7:$DG$29,$C$25,0) -> 5 | I10: =VLOOKUP(D10,GBOC!$E$7:$DG$29,$C$26,0) -> 4 | J10: =VLOOKUP(D10,GBOC!$E$7:$DG$29,$C$27,0) -> 4 | K10: =VLOOKUP(D10,GBOC!$E$7:$DG$29,$C$28,0) -> 1 | L10: =VLOOKUP(D10,GBOC!$E$7:$DG$29,$C$29,0) -> 40 | M10: =VLOOKUP(D10,GBOC!$E$7:$DG$29,$C$30,0) -> 8 | N10: =VLOOKUP(D10,GBOC!$E$7:$DG$29,$C$31,0) -> 3 | O10: =VLOOKUP(D10,GBOC!$E$7:$DG$29,$C$32,0) -> 4 | P10: 0.97 | Q10: =VLOOKUP(D10,GBOC!$E$7:$DG$29,$C$34,0) -> 2 | R10: =VLOOKUP(D10,GBOC!$E$7:$DG$29,$C$36,0) -> 1 | S10: =VLOOKUP(D10,GBOC!$E$7:$DG$29,$C$37,0) -> 0
A11: 6 | B11: Vũ Thị Thu Hương | C11: HUONGVTT_LDG_CNKD | D11: CNKD_LDG_HUONGVTT | E11: SONTV10_NVKDDB_LDG | F11: =VLOOKUP(D11,GBOC!$E$7:$DG$29,$C$23,0) -> 7 | G11: =VLOOKUP(D11,GBOC!$E$7:$DG$29,$C$24,0) -> 3 | H11: =VLOOKUP(D11,GBOC!$E$7:$DG$29,$C$25,0) -> 4 | I11: =VLOOKUP(D11,GBOC!$E$7:$DG$29,$C$26,0) -> 4 | J11: =VLOOKUP(D11,GBOC!$E$7:$DG$29,$C$27,0) -> 3 | K11: =VLOOKUP(D11,GBOC!$E$7:$DG$29,$C$28,0) -> 1 | L11: =VLOOKUP(D11,GBOC!$E$7:$DG$29,$C$29,0) -> 30 | M11: =VLOOKUP(D11,GBOC!$E$7:$DG$29,$C$30,0) -> 8 | N11: =VLOOKUP(D11,GBOC!$E$7:$DG$29,$C$31,0) -> 4 | O11: =VLOOKUP(D11,GBOC!$E$7:$DG$29,$C$32,0) -> 4 | P11: 0.97 | Q11: =VLOOKUP(D11,GBOC!$E$7:$DG$29,$C$34,0) -> 1 | R11: =VLOOKUP(D11,GBOC!$E$7:$DG$29,$C$36,0) -> 1 | S11: =VLOOKUP(D11,GBOC!$E$7:$DG$29,$C$37,0) -> 0
A12: 7 | B12: Phạm Mỹ Linh | C12: LINHPM_LDG_CNKD | D12: CNKD_LDG_LINHPM | E12: VIETDQ9_NVKDDB_LDG | F12: =VLOOKUP(D12,GBOC!$E$7:$DG$29,$C$23,0) -> 8 | G12: =VLOOKUP(D12,GBOC!$E$7:$DG$29,$C$24,0) -> 4 | H12: =VLOOKUP(D12,GBOC!$E$7:$DG$29,$C$25,0) -> 5 | I12: =VLOOKUP(D12,GBOC!$E$7:$DG$29,$C$26,0) -> 5 | J12: =VLOOKUP(D12,GBOC!$E$7:$DG$29,$C$27,0) -> 4 | K12: =VLOOKUP(D12,GBOC!$E$7:$DG$29,$C$28,0) -> 1 | L12: =VLOOKUP(D12,GBOC!$E$7:$DG$29,$C$29,0) -> 50 | M12: =VLOOKUP(D12,GBOC!$E$7:$DG$29,$C$30,0) -> 9 | N12: =VLOOKUP(D12,GBOC!$E$7:$DG$29,$C$31,0) -> 4 | O12: =VLOOKUP(D12,GBOC!$E$7:$DG$29,$C$32,0) -> 5 | P12: 0.97 | Q12: =VLOOKUP(D12,GBOC!$E$7:$DG$29,$C$34,0) -> 2 | R12: =VLOOKUP(D12,GBOC!$E$7:$DG$29,$C$36,0) -> 1 | S12: =VLOOKUP(D12,GBOC!$E$7:$DG$29,$C$37,0) -> 1
A13: 8 | B13: Nguyễn Thành Long | C13: LONGNT_LDG_CNKD | D13: CNKD_LDG_LONGNT | E13: VIETDQ9_NVKDDB_LDG | F13: =VLOOKUP(D13,GBOC!$E$7:$DG$29,$C$23,0) -> #N/A | G13: =VLOOKUP(D13,GBOC!$E$7:$DG$29,$C$24,0) -> #N/A | H13: =VLOOKUP(D13,GBOC!$E$7:$DG$29,$C$25,0) -> #N/A | I13: =VLOOKUP(D13,GBOC!$E$7:$DG$29,$C$26,0) -> #N/A | J13: =VLOOKUP(D13,GBOC!$E$7:$DG$29,$C$27,0) -> #N/A | K13: =VLOOKUP(D13,GBOC!$E$7:$DG$29,$C$28,0) -> #N/A | L13: =VLOOKUP(D13,GBOC!$E$7:$DG$29,$C$29,0) -> #N/A | M13: =VLOOKUP(D13,GBOC!$E$7:$DG$29,$C$30,0) -> #N/A | N13: =VLOOKUP(D13,GBOC!$E$7:$DG$29,$C$31,0) -> #N/A | O13: =VLOOKUP(D13,GBOC!$E$7:$DG$29,$C$32,0) -> #N/A | P13: 0.97 | Q13: =VLOOKUP(D13,GBOC!$E$7:$DG$29,$C$34,0) -> #N/A | R13: =VLOOKUP(D13,GBOC!$E$7:$DG$29,$C$36,0) -> #N/A | S13: =VLOOKUP(D13,GBOC!$E$7:$DG$29,$C$37,0) -> #N/A
A14: 9 | B14: Vũ Đức Nhuận | C14: NHUANVD_LDG_CNKD | D14: CNKD_LDG_NHUANVD | E14: VIETDQ9_NVKDDB_LDG | F14: =VLOOKUP(D14,GBOC!$E$7:$DG$29,$C$23,0) -> 8 | G14: =VLOOKUP(D14,GBOC!$E$7:$DG$29,$C$24,0) -> 4 | H14: =VLOOKUP(D14,GBOC!$E$7:$DG$29,$C$25,0) -> 5 | I14: =VLOOKUP(D14,GBOC!$E$7:$DG$29,$C$26,0) -> 5 | J14: =VLOOKUP(D14,GBOC!$E$7:$DG$29,$C$27,0) -> 3 | K14: =VLOOKUP(D14,GBOC!$E$7:$DG$29,$C$28,0) -> 1 | L14: =VLOOKUP(D14,GBOC!$E$7:$DG$29,$C$29,0) -> 30 | M14: =VLOOKUP(D14,GBOC!$E$7:$DG$29,$C$30,0) -> 9 | N14: =VLOOKUP(D14,GBOC!$E$7:$DG$29,$C$31,0) -> 4 | O14: =VLOOKUP(D14,GBOC!$E$7:$DG$29,$C$32,0) -> 5 | P14: 0.97 | Q14: =VLOOKUP(D14,GBOC!$E$7:$DG$29,$C$34,0) -> 3 | R14: =VLOOKUP(D14,GBOC!$E$7:$DG$29,$C$36,0) -> 1 | S14: =VLOOKUP(D14,GBOC!$E$7:$DG$29,$C$37,0) -> 0
A15: 10 | B15: Nguyễn Thị Thu Phượng | C15: PHUONGNTT1_LDG_CNKD | D15: CNKD_LDG_PHUONGNTT1 | E15: SONTV10_NVKDDB_LDG | F15: =VLOOKUP(D15,GBOC!$E$7:$DG$29,$C$23,0) -> 7 | G15: =VLOOKUP(D15,GBOC!$E$7:$DG$29,$C$24,0) -> 4 | H15: =VLOOKUP(D15,GBOC!$E$7:$DG$29,$C$25,0) -> 5 | I15: =VLOOKUP(D15,GBOC!$E$7:$DG$29,$C$26,0) -> 4 | J15: =VLOOKUP(D15,GBOC!$E$7:$DG$29,$C$27,0) -> 4 | K15: =VLOOKUP(D15,GBOC!$E$7:$DG$29,$C$28,0) -> 1 | L15: =VLOOKUP(D15,GBOC!$E$7:$DG$29,$C$29,0) -> 30 | M15: =VLOOKUP(D15,GBOC!$E$7:$DG$29,$C$30,0) -> 8 | N15: =VLOOKUP(D15,GBOC!$E$7:$DG$29,$C$31,0) -> 4 | O15: =VLOOKUP(D15,GBOC!$E$7:$DG$29,$C$32,0) -> 5 | P15: 0.97 | Q15: =VLOOKUP(D15,GBOC!$E$7:$DG$29,$C$34,0) -> 3 | R15: =VLOOKUP(D15,GBOC!$E$7:$DG$29,$C$36,0) -> 1 | S15: =VLOOKUP(D15,GBOC!$E$7:$DG$29,$C$37,0) -> 0
A16: 11 | B16: Lê Thanh Sang | C16: SANGLT_LDG_CNKD | D16: CNKD_LDG_SANGLT | E16: VIETDQ9_NVKDDB_LDG | F16: =VLOOKUP(D16,GBOC!$E$7:$DG$29,$C$23,0) -> 8 | G16: =VLOOKUP(D16,GBOC!$E$7:$DG$29,$C$24,0) -> 4 | H16: =VLOOKUP(D16,GBOC!$E$7:$DG$29,$C$25,0) -> 5 | I16: =VLOOKUP(D16,GBOC!$E$7:$DG$29,$C$26,0) -> 5 | J16: =VLOOKUP(D16,GBOC!$E$7:$DG$29,$C$27,0) -> 3 | K16: =VLOOKUP(D16,GBOC!$E$7:$DG$29,$C$28,0) -> 1 | L16: =VLOOKUP(D16,GBOC!$E$7:$DG$29,$C$29,0) -> 30 | M16: =VLOOKUP(D16,GBOC!$E$7:$DG$29,$C$30,0) -> 9 | N16: =VLOOKUP(D16,GBOC!$E$7:$DG$29,$C$31,0) -> 4 | O16: =VLOOKUP(D16,GBOC!$E$7:$DG$29,$C$32,0) -> 5 | P16: 0.97 | Q16: =VLOOKUP(D16,GBOC!$E$7:$DG$29,$C$34,0) -> 2 | R16: =VLOOKUP(D16,GBOC!$E$7:$DG$29,$C$36,0) -> 1 | S16: =VLOOKUP(D16,GBOC!$E$7:$DG$29,$C$37,0) -> 0
A17: 12 | B17: Trương Văn Sang | C17: SANGTV_LDG_CNKD | D17: CNKD_LDG_SANGTV | E17: SONTV10_NVKDDB_LDG | F17: =VLOOKUP(D17,GBOC!$E$7:$DG$29,$C$23,0) -> 7 | G17: =VLOOKUP(D17,GBOC!$E$7:$DG$29,$C$24,0) -> 4 | H17: =VLOOKUP(D17,GBOC!$E$7:$DG$29,$C$25,0) -> 5 | I17: =VLOOKUP(D17,GBOC!$E$7:$DG$29,$C$26,0) -> 4 | J17: =VLOOKUP(D17,GBOC!$E$7:$DG$29,$C$27,0) -> 4 | K17: =VLOOKUP(D17,GBOC!$E$7:$DG$29,$C$28,0) -> 1 | L17: =VLOOKUP(D17,GBOC!$E$7:$DG$29,$C$29,0) -> 30 | M17: =VLOOKUP(D17,GBOC!$E$7:$DG$29,$C$30,0) -> 8 | N17: =VLOOKUP(D17,GBOC!$E$7:$DG$29,$C$31,0) -> 4 | O17: =VLOOKUP(D17,GBOC!$E$7:$DG$29,$C$32,0) -> 4 | P17: 0.97 | Q17: =VLOOKUP(D17,GBOC!$E$7:$DG$29,$C$34,0) -> 2 | R17: =VLOOKUP(D17,GBOC!$E$7:$DG$29,$C$36,0) -> 1 | S17: =VLOOKUP(D17,GBOC!$E$7:$DG$29,$C$37,0) -> 0
... A20: 15 | B20: Vòng Vĩnh Vân | C20: VANVV_LDG_CNKD | D20: CNKD_LDG_VANVV | E20: SENNT8_NVKDDB_LDG | F20: =VLOOKUP(D20,GBOC!$E$7:$DG$29,$C$23,0) -> 3 | G20: =VLOOKUP(D20,GBOC!$E$7:$DG$29,$C$24,0) -> 2 | H20: =VLOOKUP(D20,GBOC!$E$7:$DG$29,$C$25,0) -> 2 | I20: =VLOOKUP(D20,GBOC!$E$7:$DG$29,$C$26,0) -> 3 | J20: =VLOOKUP(D20,GBOC!$E$7:$DG$29,$C$27,0) -> 3 | K20: =VLOOKUP(D20,GBOC!$E$7:$DG$29,$C$28,0) -> 1 | L20: =VLOOKUP(D20,GBOC!$E$7:$DG$29,$C$29,0) -> 14 | M20: =VLOOKUP(D20,GBOC!$E$7:$DG$29,$C$30,0) -> 5 | N20: =VLOOKUP(D20,GBOC!$E$7:$DG$29,$C$31,0) -> 3 | O20: =VLOOKUP(D20,GBOC!$E$7:$DG$29,$C$32,0) -> 3 | P20: 0.97 | Q20: =VLOOKUP(D20,GBOC!$E$7:$DG$29,$C$34,0) -> 1 | R20: =VLOOKUP(D20,GBOC!$E$7:$DG$29,$C$36,0) -> 1 | S20: =VLOOKUP(D20,GBOC!$E$7:$DG$29,$C$37,0) -> 0
A23: TB FTTH phát triển mới | B23: 7 | C23: =B23-2 -> 5
A24: Supernet PTM | B24: 15 | C24: =B24-2 -> 13
A25: Camera Đấu nối và bán đứt mua icloud | B25: 55 | C25: =B25-2 -> 53
A26: THS Đôi dây PTM | B26: 87 | C26: =B26-2 -> 85
A27: Thuê Bao trả sau | B27: 95 | C27: =B27-2 -> 93
A28: Thuê bao thực 4G | B28: 103 | C28: =B28-2 -> 101
A29: Thuê bao 5G | B29: 47 | C29: =B29-2 -> 45
A30: Thuê bao standard | B30: 79 | C30: =B30-2 -> 77
A31: Rời mạng THS | B31: 39 | C31: =B31-2 -> 37
A32: Rời mạng FTTH | B32: 31 | C32: =B32-2 -> 29
A33: Cước N1- N3
A34: Khôi phục THS | B34: 23 | C34: =B34-2 -> 21
A35: Trải nghiệm THS
A36: Thuê Bao mybox | B36: 71 | C36: =B36-2 -> 69
A37: MYKID | B37: 63 | C37: =B37-2 -> 61

Sheet VDS
A1: Mã hộ | B1: Tên HKD | C1: User Nhân viên quản lý | D1: CHỈ TIÊU | E1: LUỸ KẾ | F1: %HT
A3: ANLT_LDG_CNKD | B3: CNKD_Lê Trọng An | C3: VIETDQ9_NVKDDB_LDG | D3: 15 | E3: 18 | F3: 1.2
A4: BINHLT_LDG_CNKD | B4: CNKD_Lương Thị Bình | C4: SENNT8_NVKDDB_LDG | D4: 15 | E4: 20 | F4: 1.3333333
A5: HANGBT_LDG_CNKD | B5: CNKD_Bùi Thu Hằng | C5: SONTV10_NVKDDB_LDG | D5: 15 | E5: 7 | F5: 0.46666667
A6: HIEUBT_LDG_CNKD | B6: CNKD_Bằng Trung Hiếu | C6: SONTV10_NVKDDB_LDG | D6: 15 | E6: 10 | F6: 0.66666667
A7: HUNGTV1_LDG_CNKD | B7: CNKD_Trần Văn Hùng | C7: SONTV10_NVKDDB_LDG | D7: 9 | E7: 2 | F7: 0.22222222
A8: HUONGNTS_LDG_CNKD | B8: CNKD_Nguyễn Thị Song Hương | C8: SENNT8_NVKDDB_LDG | D8: 15 | E8: 14 | F8: 0.93333333
A9: HUONGVTT_LDG_CNKD | B9: CNKD_Vũ Thị Thu Hương | C9: SONTV10_NVKDDB_LDG | D9: 9 | E9: 3 | F9: 0.33333333
A10: LINHPM_LDG_CNKD | B10: CNKD_Phạm Mỹ Linh | C10: VIETDQ9_NVKDDB_LDG | D10: 13 | E10: 7 | F10: 0.53846154
A11: LOANBTB_LDG_CNKD | B11: CNKD_Bùi Thị Bích Loan | C11: SENNT8_NVKDDB_LDG | D11: 20 | E11: 35 | F11: 1.75
A12: LONGNT_LDG_CNKD | B12: CNKD_Nguyễn Thành Long | C12: VIETDQ9_NVKDDB_LDG | D12: 13 | E12: 12 | F12: 0.92307692
A13: NHUANVD_LDG_CNKD | B13: CNKD_Vũ Đức Nhuận | C13: VIETDQ9_NVKDDB_LDG | D13: 13 | E13: 15 | F13: 1.1538462
A14: NHUNGPT_LDG_CNKD | B14: CNKD_Phạm Thị Nhung | C14: SENNT8_NVKDDB_LDG | D14: 15 | E14: 18 | F14: 1.2
... A23: HOPVQ_LDG_CNKD | B23: CNKD_Văn Quý Hợp | C23: SENNT8_NVKDDB_LDG | D23: 3 | E23: 7 | F23: 2.3333333
A24: TUONGPK_LDG_CNKD | B24: CNKD_LDG_TUONGPK | C24: SONTV10_NVKDDB_LDG | D24: 0 | E24: 0
A25: MINHPTY_LDG_CNKD | B25: CNKD_LDG_MINHPTY | C25: VIETDQ9_NVKDDB_LDG | D25: 0 | E25: 0 | F25: =D25-E25 -> 0
A26: Laipt2_gdv_dvtm_ldg | D26: 13 | E26: 18 | F26: =D26-E26 -> -5

Sheet KH ngay
A1: BẢNG GIAO CHỈ TIÊU THỰC HIỆN THEO NGÀY TỪ 10- 11 THÁNG 3/2024 | M1: GIAO CHỈ TIÊU CNKD 2 NGÀY 26 VÀ 27
A3: STT | B3: Nhân viên nhận chỉ tiêu | C3: TB FTTH phát triển mới | D3: Thuê bao Supernnet | E3: CAMERA | F3: Thuê bao trả sau PTM | G3: MUA GÓI 5G | H3: MUA GÓI STANDARD | I3: Truyền hình đôi dây | J3: Liên kết Thẻ Epass | K3: Sinh trắc học | M3: Nhân Viên | N3: Super net | R3: Giao ngày 26 | S3: TB mua gói 5G | W3: Giao ngày 26 | X3: Camera Đấu nối và bán đứt mua icloud | AA3: Giao ngày 26 | AC3: THS Đôi dây PTM | AG3: Thuê Bao trả sau | AK3: Thuê bao GIC | AO3: Thuê bao mua gói 70K | AS3: Thuê bao 5G
C4: =SUM(C5:C19) -> 15 | D4: =SUM(D5:D19) -> 29 | E4: =SUM(E5:E19) -> 18 | F4: =SUM(F5:F19) -> 29 | G4: =SUM(G5:G19) -> 96 | H4: =SUM(H5:H19) -> 117 | I4: =SUM(I5:I19) -> 35 | J4: =SUM(J5:J19) -> 29 | K4: =SUM(K5:K19) -> 134 | N4: KH | O4: TH | P4: % | Q4: Thiếu | S4: KH | T4: TH | U4: % | V4: Thiếu | X4: KH | Y4: TH | Z4: % | AB4: Thiếu | AC4: KH | AD4: TH | AE4: % | AF4: Thiếu | AG4: KH | AH4: TH | AI4: % | AJ4: Thiếu | AK4: KH | AL4: TH | AM4: % | AN4: Thiếu | AO4: KH | AP4: TH | AQ4: % | AR4: Thiếu | AS4: KH | AT4: TH | AU4: % | AV4: Thiếu
A5: 1 | B5: NGUYỄN VĂN BÌNh | C5: 1 | D5: 3 | E5: 1 | F5: 2 | G5: 12 | H5: 1 | I5: 2 | J5: 2 | K5: 10 | M5: NGUYỄN VĂN BÌNh | N5: 9 | O5: 9 | P5: 1 | Q5: =O5-N5 -> 0 | S5: 30 | T5: 31 | U5: 1.0333333 | V5: -1 | X5: 3 | Y5: 3 | Z5: 1 | AB5: 0 | AC5: 8 | AD5: 11 | AE5: 1.375 | AF5: -3 | AG5: 2 | AH5: 2 | AI5: 1 | AJ5: 0 | AK5: 85 | AL5: 118 | AM5: 1.3882353 | AN5: -33 | AO5: 30 | AP5: 31 | AQ5: 1.0333333 | AR5: -1 | AS5: ='Giao CT'!#REF! -> #REF! | AT5: =VLOOKUP($B$5:$B$20,#REF!,68,0) -> #REF! | AU5: =IFERROR(AT5/AS5,0) -> 0 | AV5: =AS5-AT5 -> #REF!
A6: 2 | B6: Đặng Thị Cẩm | C6: 1 | D6: 1 | E6: 2 | F6: 1 | G6: 3 | H6: 2 | I6: 2 | J6: 2 | K6: 10 | M6: Đặng Thị Cẩm | N6: 10 | O6: 13 | P6: 1.3 | Q6: =O6-N6 -> 3 | S6: 30 | T6: 34 | U6: 1.1333333 | V6: -4 | X6: 2 | Y6: 2 | Z6: 1 | AB6: 0 | AC6: 9 | AD6: 13 | AE6: 1.4444444 | AF6: -4 | AG6: 1 | AH6: 3 | AI6: 3 | AJ6: -2 | AK6: 85 | AL6: 93 | AM6: 1.0941176 | AN6: -8 | AO6: 30 | AP6: 34 | AQ6: 1.1333333 | AR6: -4 | AS6: ='Giao CT'!#REF! -> #REF! | AT6: =VLOOKUP($B$5:$B$20,#REF!,68,0) -> #REF! | AU6: =IFERROR(AT6/AS6,0) -> 0 | AV6: =AS6-AT6 -> #REF!
A7: 3 | B7: Trần Quốc Đạt | C7: 1 | D7: 2 | E7: 2 | F7: 3 | G7: 12 | H7: 12 | I7: 2 | J7: 2 | K7: 10 | M7: Trần Quốc Đạt | N7: 9 | O7: 8 | P7: 0.88888889 | Q7: =O7-N7 -> -1 | S7: 30 | T7: 18 | U7: 0.6 | V7: 12 | W7: 12 | X7: 3 | Y7: 2 | Z7: 0.66666667 | AA7: 1 | AB7: 1 | AC7: 8 | AD7: 7 | AE7: 0.875 | AF7: 1 | AG7: 1 | AH7: 0 | AI7: 0 | AJ7: 1 | AK7: 85 | AL7: 84 | AM7: 0.98823529 | AN7: 1 | AO7: 30 | AP7: 18 | AQ7: 0.6 | AR7: 12 | AS7: ='Giao CT'!#REF! -> #REF! | AT7: =VLOOKUP($B$5:$B$20,#REF!,68,0) -> #REF! | AU7: =IFERROR(AT7/AS7,0) -> 0 | AV7: =AS7-AT7 -> #REF!
A8: 4 | B8: Ngô Thị Điệp | C8: 1 | D8: 2 | E8: 2 | F8: 2 | G8: 0 | H8: 12 | I8: 3 | J8: 2 | K8: 10 | M8: Ngô Thị Điệp | N8: 9 | O8: 3 | P8: 0.33333333 | Q8: =O8-N8 -> -6 | R8: 3 | S8: 30 | T8: 30 | U8: 1 | V8: 0 | X8: 3 | Y8: 3 | Z8: 1 | AB8: 0 | AC8: 9 | AD8: 4 | AE8: 0.44444444 | AF8: 5 | AG8: 1 | AH8: 0 | AI8: 0 | AJ8: 1 | AK8: 85 | AL8: 118 | AM8: 1.3882353 | AN8: -33 | AO8: 30 | AP8: 30 | AQ8: 1 | AR8: 0 | AS8: ='Giao CT'!#REF! -> #REF! | AT8: =VLOOKUP($B$5:$B$20,#REF!,68,0) -> #REF! | AU8: =IFERROR(AT8/AS8,0) -> 0 | AV8: =AS8-AT8 -> #REF!
A9: 5 | B9: Hoàng Trung Đông | C9: 1 | D9: 2 | E9: 1 | F9: 2 | G9: 12 | H9: 3 | I9: 2 | J9: 2 | K9: 10 | M9: Hoàng Trung ĐÔng | N9: 8 | O9: 6 | P9: 0.75 | Q9: =O9-N9 -> -2 | R9: 1 | S9: 30 | T9: 12 | U9: 0.4 | V9: 18 | W9: 18 | X9: 3 | Y9: 3 | Z9: 1 | AB9: 0 | AC9: 8 | AD9: 7 | AE9: 0.875 | AF9: 1 | AG9: 1 | AH9: 2 | AI9: 2 | AJ9: -1 | AK9: 71 | AL9: 74 | AM9: 1.0422535 | AN9: -3 | AO9: 30 | AP9: 12 | AQ9: 0.4 | AR9: 18 | AS9: ='Giao CT'!#REF! -> #REF! | AT9: =VLOOKUP($B$5:$B$20,#REF!,68,0) -> #REF! | AU9: =IFERROR(AT9/AS9,0) -> 0 | AV9: =AS9-AT9 -> #REF!
A10: 7 | B10: NGYỄN THỊ LIÊN | C10: 1 | D10: 2 | E10: 1 | F10: 2 | G10: 12 | H10: 12 | I10: 2 | J10: 2 | K10: 10 | M10: NGYỄN THỊ LIÊN | N10: 9 | O10: 6 | P10: 0.66666667 | Q10: =O10-N10 -> -3 | R10: 1 | S10: 30 | T10: 24 | U10: 0.8 | V10: 6 | W10: 6 | X10: 3 | Y10: 3 | Z10: 1 | AB10: 0 | AC10: 8 | AD10: 5 | AE10: 0.625 | AF10: 3 | AG10: 1 | AH10: 1 | AI10: 1 | AJ10: 0 | AK10: 75 | AL10: 45 | AM10: 0.6 | AN10: 30 | AO10: 30 | AP10: 24 | AQ10: 0.8 | AR10: 6 | AS10: ='Giao CT'!#REF! -> #REF! | AT10: =VLOOKUP($B$5:$B$20,#REF!,68,0) -> #REF! | AU10: =IFERROR(AT10/AS10,0) -> 0 | AV10: =AS10-AT10 -> #REF!
A11: 8 | B11: PHẠM THỊ HUYỀN LINH | C11: 1 | D11: 2 | E11: 1 | F11: 2 | G11: 12 | H11: 0 | I11: 3 | J11: 2 | K11: 10 | M11: PHẠM THỊ HUYỀN LINH | N11: 9 | O11: 8 | P11: 0.88888889 | Q11: =O11-N11 -> -1 | S11: 24 | T11: 24 | U11: 1 | V11: 0 | X11: 3 | Y11: 2 | Z11: 0.66 | AB11: 2 | AC11: 7 | AD11: 4 | AE11: 0.57142857 | AF11: 3 | AG11: 1 | AH11: 1 | AI11: 1 | AJ11: 0 | AK11: 80 | AL11: 46 | AM11: 0.575 | AN11: 34 | AO11: 24 | AP11: 24 | AQ11: 1 | AR11: 0 | AS11: ='Giao CT'!#REF! -> #REF! | AT11: =VLOOKUP($B$5:$B$20,#REF!,68,0) -> #REF! | AU11: =IFERROR(AT11/AS11,0) -> 0 | AV11: =AS11-AT11 -> #REF!
A12: 9 | B12: Nguyễn Thị Loan | C12: 1 | D12: 2 | E12: 0 | F12: 2 | G12: 3 | H12: 12 | I12: 2 | J12: 2 | K12: 10 | M12: Nguyễn Thị Loan | N12: 9 | O12: 7 | P12: 0.77777778 | Q12: =O12-N12 -> -2 | R12: 1 | S12: 30 | T12: 26 | U12: 0.86666667 | V12: 4 | W12: 4 | X12: 3 | Y12: 2 | Z12: 0.66666667 | AA12: 1 | AB12: 1 | AC12: 8 | AD12: 10 | AE12: 1.25 | AF12: -2 | AG12: 1 | AH12: 1 | AI12: 1 | AJ12: 0 | AK12: 85 | AL12: 120 | AM12: 1.4117647 | AN12: -35 | AO12: 30 | AP12: 26 | AQ12: 0.86666667 | AR12: 4 | AS12: ='Giao CT'!#REF! -> #REF! | AT12: =VLOOKUP($B$5:$B$20,#REF!,68,0) -> #REF! | AU12: =IFERROR(AT12/AS12,0) -> 0 | AV12: =AS12-AT12 -> #REF!
A13: 10 | B13: Lê Thị Thanh Nga | C13: 1 | D13: 2 | E13: 0 | F13: 2 | G13: 6 | H13: 6 | I13: 2 | J13: 2 | K13: 10 | M13: Lê Thị Thanh Nga | N13: 10 | O13: 11 | P13: 1.1 | Q13: =O13-N13 -> 1 | S13: 30 | T13: 25 | U13: 0.83333333 | V13: 5 | W13: 5 | X13: 3 | Y13: 2 | Z13: 0.66666667 | AA13: 1 | AB13: 1 | AC13: 8 | AD13: 12 | AE13: 1.5 | AF13: -4 | AG13: 1 | AH13: 3 | AI13: 3 | AJ13: -2 | AK13: 80 | AL13: 98 | AM13: 1.225 | AN13: -18 | AO13: 30 | AP13: 25 | AQ13: 0.83333333 | AR13: 5 | AS13: ='Giao CT'!#REF! -> #REF! | AT13: =VLOOKUP($B$5:$B$20,#REF!,68,0) -> #REF! | AU13: =IFERROR(AT13/AS13,0) -> 0 | AV13: =AS13-AT13 -> #REF!
A14: 11 | B14: HOÀNG THỊ BÍCH PHƯỢNG | C14: 1 | D14: 1 | E14: 1 | F14: 1 | G14: 3 | H14: 12 | I14: 3 | J14: 2 | K14: 2 | M14: HOÀNG THỊ BÍCH PHƯỢNG | N14: 2 | O14: 2 | P14: 1 | Q14: =O14-N14 -> 0 | S14: 24 | T14: 18 | U14: 0.75 | V14: 6 | W14: 6 | X14: 1 | Y14: 1 | Z14: 1 | AB14: 0 | AC14: 3 | AD14: 3 | AE14: 1 | AF14: 0 | AG14: 0 | AH14: 0 | AI14: 0 | AJ14: 0 | AK14: 36 | AL14: 55 | AM14: 1.5277778 | AN14: -19 | AO14: 24 | AP14: 18 | AQ14: 0.75 | AR14: 6 | AS14: ='Giao CT'!#REF! -> #REF! | AT14: =VLOOKUP($B$5:$B$20,#REF!,68,0) -> #REF! | AU14: =IFERROR(AT14/AS14,0) -> 0 | AV14: =AS14-AT14 -> #REF!
A15: 12 | B15: TRẦN THỊ THANH PHƯƠNG | C15: 1 | D15: 1 | E15: 0 | F15: 1 | G15: 6 | H15: 12 | I15: 3 | J15: 1 | K15: 2 | M15: TRẦN THỊ THANH PHƯƠNG | N15: 3 | O15: 0 | P15: 0 | Q15: =O15-N15 -> -3 | R15: 2 | S15: 12 | T15: 0 | U15: 0 | V15: 12 | W15: 12 | X15: 1 | Y15: 1 | Z15: 1 | AB15: 0 | AC15: 8 | AD15: 5 | AE15: 0.625 | AF15: 3 | AG15: 0 | AH15: 0 | AI15: 0 | AJ15: 0 | AK15: 24 | AL15: 6 | AM15: 0.25 | AN15: 18 | AO15: 12 | AP15: 0 | AQ15: 0 | AR15: 12 | AS15: ='Giao CT'!#REF! -> #REF! | AT15: =VLOOKUP($B$5:$B$20,#REF!,68,0) -> #REF! | AU15: =IFERROR(AT15/AS15,0) -> 0 | AV15: =AS15-AT15 -> #REF!
A16: 13 | B16: NGUYỄN HOÀNG DUY QUANG | C16: 1 | D16: 3 | E16: 2 | F16: 3 | G16: 6 | H16: 6 | I16: 3 | J16: 2 | K16: 10 | M16: NGUYỄN HOÀNG DUY QUANG | N16: 9 | O16: 4 | P16: 0.44444444 | Q16: =O16-N16 -> -5 | R16: 2 | S16: 30 | T16: 6 | U16: 0.2 | V16: 24 | W16: 24 | X16: 3 | Y16: 1 | Z16: 0.33333333 | AA16: 2 | AB16: 2 | AC16: 9 | AD16: 3 | AE16: 0.33333333 | AF16: 6 | AG16: 1 | AH16: 0 | AI16: 0 | AJ16: 1 | AK16: 80 | AL16: 30 | AM16: 0.375 | AN16: 50 | AO16: 30 | AP16: 6 | AQ16: 0.2 | AR16: 24 | AS16: ='Giao CT'!#REF! -> #REF! | AT16: =VLOOKUP($B$5:$B$20,#REF!,68,0) -> #REF! | AU16: =IFERROR(AT16/AS16,0) -> 0 | AV16: =AS16-AT16 -> #REF!
A17: 14 | B17: Nguyễn Đình Quát | C17: 1 | D17: 2 | E17: 1 | F17: 2 | G17: 3 | H17: 3 | I17: 2 | J17: 2 | K17: 10 | M17: Nguyễn Đình Quát | N17: 6 | O17: 4 | P17: 0.66666667 | Q17: =O17-N17 -> -2 | R17: 1 | S17: 30 | T17: 12 | U17: 0.4 | V17: 18 | W17: 18 | X17: 3 | Y17: 2 | Z17: 0.66666667 | AA17: 1 | AB17: 1 | AC17: 8 | AD17: 3 | AE17: 0.375 | AF17: 5 | AG17: 3 | AH17: 3 | AI17: 1 | AJ17: 0 | AK17: 85 | AL17: 78 | AM17: 0.91764706 | AN17: 7 | AO17: 30 | AP17: 12 | AQ17: 0.4 | AR17: 18 | AS17: ='Giao CT'!#REF! -> #REF! | AT17: =VLOOKUP($B$5:$B$20,#REF!,68,0) -> #REF! | AU17: =IFERROR(AT17/AS17,0) -> 0 | AV17: =AS17-AT17 -> #REF!
A18: 15 | B18: HỒ MINH TRÍ | C18: 1 | D18: 2 | E18: 2 | F18: 2 | G18: 3 | H18: 12 | I18: 2 | J18: 2 | K18: 10 | M18: Trịnh Ngọc Tâm | N18: 2 | O18: 0 | P18: 0 | Q18: =O18-N18 -> -2 | R18: 1 | S18: 12 | T18: 12 | U18: 1 | V18: 0 | X18: 1 | Y18: 0 | Z18: 0 | AA18: 1 | AB18: 1 | AC18: 1 | AD18: 1 | AE18: 1 | AF18: 0 | AG18: 1 | AH18: 0 | AI18: 0 | AJ18: 1 | AK18: 12 | AL18: 12 | AM18: 1 | AN18: 0 | AO18: 12 | AP18: 12 | AQ18: 1 | AR18: 0 | AS18: ='Giao CT'!#REF! -> #REF! | AT18: =VLOOKUP($B$5:$B$20,#REF!,68,0) -> #REF! | AU18: =IFERROR(AT18/AS18,0) -> 0 | AV18: =AS18-AT18 -> #REF!
A19: 16 | B19: Phan Thế Vượng | C19: 1 | D19: 2 | E19: 2 | F19: 2 | G19: 3 | H19: 12 | I19: 2 | J19: 2 | K19: 10 | M19: HỒ MINH TRÍ | N19: 10 | O19: 8 | P19: 0.8 | Q19: =O19-N19 -> -2 | S19: 30 | T19: 42 | U19: 1.4 | V19: -12 | X19: 3 | Y19: 3 | Z19: 1 | AB19: 0 | AC19: 9 | AD19: 12 | AE19: 1.3333333 | AF19: -3 | AG19: 2 | AH19: 2 | AI19: 1 | AJ19: 0 | AK19: 85 | AL19: 129 | AM19: 1.5176471 | AN19: -44 | AO19: 30 | AP19: 42 | AQ19: 1.4 | AR19: -12 | AS19: ='Giao CT'!#REF! -> #REF! | AT19: =VLOOKUP($B$5:$B$20,#REF!,68,0) -> #REF! | AU19: =IFERROR(AT19/AS19,0) -> 0 | AV19: =AS19-AT19 -> #REF!
A20: 17 | B20: NGUYỄN THỊ THANH XUÂN | C20: 1 | D20: 1 | E20: 1 | F20: 1 | G20: 1 | H20: 1 | I20: 1 | J20: 2 | K20: 2 | M20: Phan Thế Vượng | N20: 10 | O20: 3 | P20: 0.3 | Q20: =O20-N20 -> -7 | R20: 3 | S20: 27 | T20: 11 | U20: 0.40740741 | V20: 16 | W20: 16 | X20: 3 | Y20: 3 | Z20: 1 | AB20: 0 | AC20: 9 | AD20: 11 | AE20: 1.2222222 | AF20: -2 | AG20: 2 | AH20: 2 | AI20: 1 | AJ20: 0 | AK20: 85 | AL20: 51 | AM20: 0.6 | AN20: 34 | AO20: 27 | AP20: 11 | AQ20: 0.40740741 | AR20: 16 | AS20: ='Giao CT'!#REF! -> #REF! | AT20: =VLOOKUP($B$5:$B$20,#REF!,68,0) -> #REF! | AU20: =IFERROR(AT20/AS20,0) -> 0 | AV20: =AS20-AT20 -> #REF!

Sheet cuoc
A4: Nhân viên quản lý. | B4: Nhân viên
C5: MÃ SHOP | D5: Đầu kỳ chốt cước | F5: Giảm trừ đầu kỳ phải thu | H5: Đầu kỳ phải thu | J5: Thu trong ngày | L5: Lũy kế thu | N5: % Hoàn thành | P5: Thiếu để đạt | R5: Nhân Viên | S5: Đầu kỳ | T5: Cước ngày n-1 | U5: Cước cần thu | V5: Cước thu được trong ngày
D6: KH | E6: Tiền | F6: KH | G6: Tiền | H6: KH | I6: Tiền | J6: KH | K6: Tiền | L6: KH | M6: Tiền | N6: KH | O6: Tiền
A7: SENNT8_NVKDDB_LDG | B7: NHUNGPT_LDG_CNKD | C7: CNKD_LDG_NHUNGPT | D7: 454 | E7: 70243418 | F7: 0 | G7: 0 | H7: 454 | I7: 70243418 | J7: 0 | K7: 0 | L7: 447 | M7: 69123846 | N7: 98.46 | O7: 98.41 | P7: =I7*0.97-M7 -> -987730.54 | R7: CNKD_LDG_TAMDT | S7: =VLOOKUP(R7,$C$7:$P$27,7,0) -> 101866340 | T7: 1168529.8 | U7: =VLOOKUP(R7,$C$7:$P$27,14,0) -> 1168529.8 | V7: =VLOOKUP(R7,$C$7:$P$27,14,0)-T7 -> 0
A8: SENNT8_NVKDDB_LDG | B8: MAITTN_LDG_CNKD | C8: CNKD_LDG_MAITTN | D8: 318 | E8: 50351985 | F8: 0 | G8: 0 | H8: 318 | I8: 50351985 | J8: 3 | K8: 290500 | L8: 307 | M8: 48972275 | N8: 96.54 | O8: 97.26 | P8: =I8*0.97-M8 -> -130849.55 | R8: CNKD_LDG_ANLT | S8: =VLOOKUP(R8,$C$7:$P$27,7,0) -> 145101823 | T8: 855825.31 | U8: =VLOOKUP(R8,$C$7:$P$27,14,0) -> 855825.31 | V8: =VLOOKUP(R8,$C$7:$P$27,14,0)-T8 -> 0
A9: SONTV10_NVKDDB_LDG | B9: HUONGVTT_LDG_CNKD | C9: CNKD_LDG_HUONGVTT | D9: 588 | E9: 95369711 | F9: 0 | G9: 0 | H9: 588 | I9: 95369711 | J9: 0 | K9: 0 | L9: 576 | M9: 92736732 | N9: 97.96 | O9: 97.24 | P9: =I9*0.97-M9 -> -228112.33 | R9: CNKD_LDG_LINHPM | S9: =VLOOKUP(R9,$C$7:$P$27,7,0) -> 141474291 | T9: 1552713.3 | U9: =VLOOKUP(R9,$C$7:$P$27,14,0) -> 1552713.3 | V9: =VLOOKUP(R9,$C$7:$P$27,14,0)-T9 -> 0
A10: SENNT8_NVKDDB_LDG | B10: BINHLT_LDG_CNKD | C10: CNKD_LDG_BINHLT | D10: 434 | E10: 72573808 | F10: 0 | G10: 0 | H10: 434 | I10: 72573808 | J10: 0 | K10: 0 | L10: 420 | M10: 70311422 | N10: 96.77 | O10: 96.88 | P10: =I10*0.97-M10 -> 85171.76 | R10: CNKD_LDG_SANGLT | S10: =VLOOKUP(R10,$C$7:$P$27,7,0) -> 149379338 | T10: 5597531.9 | U10: =VLOOKUP(R10,$C$7:$P$27,14,0) -> 5597531.9 | V10: =VLOOKUP(R10,$C$7:$P$27,14,0)-T10 -> 0
A11: SONTV10_NVKDDB_LDG | B11: HIEUBT_LDG_CNKD | C11: CNKD_LDG_HIEUBT | D11: 941 | E11: 152862316 | F11: 0 | G11: 0 | H11: 941 | I11: 152862316 | J11: 3 | K11: 235812 | L11: 886 | M11: 147861402 | N11: 94.16 | O11: 96.73 | P11: =I11*0.97-M11 -> 415044.52 | R11: CNKD_LDG_NHUANVD | S11: =VLOOKUP(R11,$C$7:$P$27,7,0) -> 105953075 | T11: 1139737.8 | U11: =VLOOKUP(R11,$C$7:$P$27,14,0) -> 1139737.8 | V11: =VLOOKUP(R11,$C$7:$P$27,14,0)-T11 -> 0
A12: SENNT8_NVKDDB_LDG | B12: HOPVQ_LDG_CNKD | C12: CNKD_LDG_HOPVQ | D12: 308 | E12: 51982396 | F12: 0 | G12: 0 | H12: 308 | I12: 51982396 | J12: 0 | K12: 0 | L12: 296 | M12: 50225015 | N12: 96.1 | O12: 96.62 | P12: =I12*0.97-M12 -> 197909.12 | R12: CNKD_LDG_HIEUBT | S12: =VLOOKUP(R12,$C$7:$P$27,7,0) -> 152862316 | T12: 415044.52 | U12: =VLOOKUP(R12,$C$7:$P$27,14,0) -> 415044.52 | V12: =VLOOKUP(R12,$C$7:$P$27,14,0)-T12 -> 0
A13: VIETDQ9_NVKDDB_LDG | B13: ANLT_LDG_CNKD | C13: CNKD_LDG_ANLT | D13: 876 | E13: 145101823 | F13: 0 | G13: 0 | H13: 876 | I13: 145101823 | J13: 3 | K13: 115806 | L13: 840 | M13: 139892943 | N13: 95.89 | O13: 96.41 | P13: =I13*0.97-M13 -> 855825.31 | R13: CNKD_LDG_PHUONGNTT1 | S13: =VLOOKUP(R13,$C$7:$P$27,7,0) -> 180440547 | T13: 1713230.6 | U13: =VLOOKUP(R13,$C$7:$P$27,14,0) -> 1713230.6 | V13: =VLOOKUP(R13,$C$7:$P$27,14,0)-T13 -> 0
A14: SONTV10_NVKDDB_LDG | B14: THUONGNTH_LDG_CNKD | C14: CNKD_LDG_THUONGNTH | D14: 1181 | E14: 189656153 | F14: 0 | G14: 0 | H14: 1181 | I14: 189656153 | J14: 0 | K14: 0 | L14: 1129 | M14: 182797369 | N14: 95.6 | O14: 96.38 | P14: =I14*0.97-M14 -> 1169099.4 | R14: CNKD_LDG_HANGBT | S14: =VLOOKUP(R14,$C$7:$P$27,7,0) -> 162344260 | T14: 1545305.2 | U14: =VLOOKUP(R14,$C$7:$P$27,14,0) -> 1545305.2 | V14: =VLOOKUP(R14,$C$7:$P$27,14,0)-T14 -> 0
A15: SENNT8_NVKDDB_LDG | B15: NHUYK_LDG_CNKD | C15: CNKD_LDG_NHUYK | D15: 716 | E15: 116427734 | F15: 0 | G15: 0 | H15: 716 | I15: 116427734 | J15: 0 | K15: 0 | L15: 682 | M15: 112177574 | N15: 95.25 | O15: 96.35 | P15: =I15*0.97-M15 -> 757327.98 | R15: CNKD_LDG_SANGTV | S15: =VLOOKUP(R15,$C$7:$P$27,7,0) -> 194517020 | T15: 2855851.4 | U15: =VLOOKUP(R15,$C$7:$P$27,14,0) -> 2855851.4 | V15: =VLOOKUP(R15,$C$7:$P$27,14,0)-T15 -> 0
A16: SENNT8_NVKDDB_LDG | B16: SONNH_LDG_CNKD | C16: CNKD_LDG_SONNH | D16: 559 | E16: 93597302 | F16: 0 | G16: 0 | H16: 559 | I16: 93597302 | J16: 2 | K16: 65000 | L16: 530 | M16: 90081088 | N16: 94.81 | O16: 96.24 | P16: =I16*0.97-M16 -> 708294.94 | R16: CNKD_LDG_THUONGNTH | S16: =VLOOKUP(R16,$C$7:$P$27,7,0) -> 189656153 | T16: 1169099.4 | U16: =VLOOKUP(R16,$C$7:$P$27,14,0) -> 1169099.4 | V16: =VLOOKUP(R16,$C$7:$P$27,14,0)-T16 -> 0
A17: SONTV10_NVKDDB_LDG | B17: PHUONGNTT1_LDG_CNKD | C17: CNKD_LDG_PHUONGNTT1 | D17: 1048 | E17: 180440547 | F17: 0 | G17: 0 | H17: 1048 | I17: 180440547 | J17: 2 | K17: 700000 | L17: 1003 | M17: 173314100 | N17: 95.71 | O17: 96.05 | P17: =I17*0.97-M17 -> 1713230.6 | R17: CNKD_LDG_HUONGVTT | S17: =VLOOKUP(R17,$C$7:$P$27,7,0) -> 95369711 | T17: -228112.33 | U17: =VLOOKUP(R17,$C$7:$P$27,14,0) -> -228112.33 | V17: =VLOOKUP(R17,$C$7:$P$27,14,0)-T17 -> 0
A18: SONTV10_NVKDDB_LDG | B18: HANGBT_LDG_CNKD | C18: CNKD_LDG_HANGBT | D18: 968 | E18: 162344260 | F18: 0 | G18: 0 | H18: 968 | I18: 162344260 | J18: 1 | K18: 91258 | L18: 930 | M18: 155928627 | N18: 96.07 | O18: 96.05 | P18: =I18*0.97-M18 -> 1545305.2
A19: VIETDQ9_NVKDDB_LDG | B19: NHUANVD_LDG_CNKD | C19: CNKD_LDG_NHUANVD | D19: 687 | E19: 105953075 | F19: 0 | G19: 0 | H19: 687 | I19: 105953075 | J19: 1 | K19: 100000 | L19: 644 | M19: 101634745 | N19: 93.74 | O19: 95.92 | P19: =I19*0.97-M19 -> 1139737.8
A20: VIETDQ9_NVKDDB_LDG | B20: LINHPM_LDG_CNKD | C20: CNKD_LDG_LINHPM | D20: 853 | E20: 141474291 | F20: 0 | G20: 0 | H20: 853 | I20: 141474291 | J20: 0 | K20: 0 | L20: 808 | M20: 135677349 | N20: 94.72 | O20: 95.9 | P20: =I20*0.97-M20 -> 1552713.3
A21: VIETDQ9_NVKDDB_LDG | B21: TAMDT_LDG_CNKD | C21: CNKD_LDG_TAMDT | D21: 642 | E21: 101866340 | F21: 0 | G21: 0 | H21: 642 | I21: 101866340 | J21: 3 | K21: 672334 | L21: 605 | M21: 97641820 | N21: 94.24 | O21: 95.85 | P21: =I21*0.97-M21 -> 1168529.8
A22: SONTV10_NVKDDB_LDG | B22: SANGTV_LDG_CNKD | C22: CNKD_LDG_SANGTV | D22: 1198 | E22: 194517020 | F22: 0 | G22: 0 | H22: 1198 | I22: 194517020 | J22: 1 | K22: 165000 | L22: 1122 | M22: 185825658 | N22: 93.66 | O22: 95.53 | P22: =I22*0.97-M22 -> 2855851.4
A23: SENNT8_NVKDDB_LDG | B23: LOANBTB_LDG_CNKD | C23: CNKD_LDG_LOANBTB | D23: 356 | E23: 53605661 | F23: 0 | G23: 0 | H23: 356 | I23: 53605661 | J23: 0 | K23: 0 | L23: 334 | M23: 51210553 | N23: 93.82 | O23: 95.53 | P23: =I23*0.97-M23 -> 786938.17
A24: SENNT8_NVKDDB_LDG | B24: VANVV_LDG_CNKD | C24: CNKD_LDG_VANVV | D24: 415 | E24: 66800107 | F24: 0 | G24: 0 | H24: 415 | I24: 66800107 | J24: 1 | K24: 51903 | L24: 388 | M24: 63633846 | N24: 93.49 | O24: 95.26 | P24: =I24*0.97-M24 -> 1162257.8
A25: SENNT8_NVKDDB_LDG | B25: HUONGNTS_LDG_CNKD | C25: CNKD_LDG_HUONGNTS | D25: 546 | E25: 89879995 | F25: 0 | G25: 0 | H25: 546 | I25: 89879995 | J25: 0 | K25: 0 | L25: 508 | M25: 85071680 | N25: 93.04 | O25: 94.65 | P25: =I25*0.97-M25 -> 2111915.1
A26: VIETDQ9_NVKDDB_LDG | B26: SANGLT_LDG_CNKD | C26: CNKD_LDG_SANGLT | D26: 892 | E26: 149379338 | F26: 0 | G26: 0 | H26: 892 | I26: 149379338 | J26: 1 | K26: 39817 | L26: 833 | M26: 139300426 | N26: 93.39 | O26: 93.25 | P26: =I26*0.97-M26 -> 5597531.9
A27: SONTV10_NVKDDB_LDG | B27: HUNGTV1_LDG_CNKD | C27: CNKD_LDG_HUNGTV1 | D27: 683 | E27: 105983346 | F27: 0 | G27: 0 | H27: 683 | I27: 105983346 | J27: 0 | K27: 0 | L27: 628 | M27: 98546556 | N27: 91.95 | O27: 92.98 | P27: =I27*0.97-M27 -> 4257289.6 | R27: Ư

Sheet Sheet2
A1: File cũ
A2: TB FTTH phát triển mới | B2: 49 | D2: TB FTTH phát triển mới | E2: 49
A3: Supernet PTM | B3: 57 | D3: Supernet PTM | E3: 57
A4: Camera Đấu nối và bán đứt mua icloud | B4: 113 | D4: Camera Đấu nối và bán đứt mua icloud | E4: 105
A5: THS Đôi dây PTM | B5: 161 | D5: THS Đôi dây PTM | E5: 153
A6: THS Đôi dây Combo | B6: 169 | D6: THS Đôi dây Combo | E6: 161
A7: Thuê Bao trả sau | B7: 177 | D7: Thuê Bao trả sau | E7: 169
A8: Thuê bao GIC | B8: 137 | D8: Thuê bao GIC | E8: 129
A9: Thuê bao thực 4G | B9: 193 | D9: Thuê bao thực 4G | E9: 185
A10: Thuê bao mua gói 70K | B10: 97 | D10: Thuê bao mua gói 70K | E10: 97
A11: Thuê bao 5G | B11: 89 | D11: Thuê bao 5G | E11: 89
A12: Thuê bao standard | B12: 153 | D12: Thuê bao standard | E12: 145
A13: CĐT FTTH | B13: 9 | D13: CĐT FTTH | E13: 9
... A17: Rời mạng FTTH | B17: 73 | D17: Rời mạng FTTH | E17: 73
A18: Cước N1- N3 | D18: Cước N1- N3
A19: Khôi phục THS | B19: 65 | D19: Khôi phục THS | E19: 65
A20: Trải nghiệm THS | D20: Trải nghiệm THS
A21: Thuê Bao mybox | B21: 145 | D21: Thuê Bao mybox | E21: 137
A22: MYKID | B22: 121 | D22: MYKID | E22: 113
A23: Chuấn hoá thông tin thuê bao | B23: 33 | D23: Chuấn hoá thông tin thuê bao | E23: 33
A24: Thuê bao Lk Epass cũ | B24: 129 | D24: Thuê bao Lk Epass cũ | E24: 129
